number,values_0,values_1,values_2,datetime_start,datetime_complete,duration,params_learning_rate,params_model_name,params_norm,params_train_batch_size,params_training_loss,params_weight_decay,state
0,1.1670307542993081,4.718692817676456,2.5057486922170127,2023-05-30 15:46:46.735020,2023-05-30 15:56:19.240160,0 days 00:09:32.505140,1.2871644037468007e-05,deeplabv3+,zscore,49,smooth,2.3534289524959783e-10,COMPLETE
1,13.70943072423721,11.082099839355626,3.911683399489025,2023-05-30 15:46:46.961414,2023-05-30 15:51:19.835865,0 days 00:04:32.874451,0.0037491208546242116,fpn,negone,67,logcosh,2.07706808759448e-10,COMPLETE
2,1.1066033071676344,1.7825956819896327,1.4031935358624923,2023-05-30 15:51:19.941459,2023-05-30 16:28:41.756355,0 days 00:37:21.814896,3.6067010350850016e-06,pspnet,negone,76,mse,7.61953912109223e-05,COMPLETE
3,1.0188607527965086,1.09110444680181,1.014967351540921,2023-05-30 15:56:19.354286,2023-05-30 16:01:29.615837,0 days 00:05:10.261551,0.004812909607380071,deeplabv3+,minmax,6,huber,1.769209457899457e-06,COMPLETE
4,1.10223481335141,1.805638906207943,1.5343633088478081,2023-05-30 16:01:29.740872,2023-05-30 16:11:16.108604,0 days 00:09:46.367732,1.8465638594377956e-05,manet,minmax,116,huber,6.387046286223154e-11,COMPLETE
5,1.0865227315656576,1.6954600507566768,1.3586882278659769,2023-05-30 16:11:16.201426,2023-05-30 16:32:30.131544,0 days 00:21:13.930118,4.01233423196055e-06,pspnet,minmax,58,mse,2.7021539912439333e-05,COMPLETE
6,1.043991112219754,4.507088206124441,2.4483307482581322,2023-05-30 16:28:41.853015,2023-05-30 16:55:17.460353,0 days 00:26:35.607338,6.886914959777775e-06,unet++,zscore,41,mse,7.817452910118118e-10,COMPLETE
7,1.0798595650064549,2.0580574459606567,1.502823290428844,2023-05-30 16:32:30.245330,2023-05-30 16:44:59.826559,0 days 00:12:29.581229,1.1833052953083575e-05,deeplabv3,negone,4,huber,9.967021327088652e-07,COMPLETE
8,2.319122406941369,31.126042510088926,7.26448755806512,2023-05-30 16:44:59.920281,2023-05-30 16:49:19.929098,0 days 00:04:20.008817,1.4154197602568483e-06,unet++,negone,128,smooth,0.0003686327726084976,COMPLETE
9,1.0610244561422166,2.358765976450138,1.7649497259189315,2023-05-30 16:49:20.040328,2023-05-30 17:05:20.333733,0 days 00:16:00.293405,1.5824633856569872e-05,fpn,minmax,38,smooth,5.727108431158585e-10,COMPLETE
10,1.1022345796897428,7.534230607942799,3.5984003466387446,2023-05-30 16:55:17.560099,2023-05-30 17:34:27.679645,0 days 00:39:10.119546,1.5182552524185592e-06,unet++,negone,35,xtanh,1.7783298198852854e-07,COMPLETE
11,1.0668391479584003,1.437859114802106,1.2160765755619867,2023-05-30 17:05:20.449769,2023-05-30 17:18:19.922469,0 days 00:12:59.472700,3.202435330388445e-05,pspnet,minmax,30,huber,3.156322519289736e-12,COMPLETE
12,1.0544146620215815,1.3467440288353372,1.1670169157275685,2023-05-30 17:18:48.059711,2023-05-30 17:36:42.702545,0 days 00:17:54.642834,0.0003659508224469902,fpn,negone,30,logcosh,4.209618424348185e-12,COMPLETE
13,1.2917752499375166,5.247298813566081,2.533262187622334,2023-05-30 17:34:52.591627,2023-05-30 17:56:15.586043,0 days 00:21:22.994416,1.4682697867030944e-06,unet,minmax,30,xsigmoid,2.1082538200033852e-10,COMPLETE
14,1.309193332630552,3.411108239846584,2.1647383031427325,2023-05-30 17:36:42.807952,2023-05-30 17:51:03.763942,0 days 00:14:20.955990,1.867965345708325e-06,fpn,negone,25,mae,1.3690340503702826e-10,COMPLETE
15,1.0493494622077177,4.720807101009568,2.5187177143455974,2023-05-30 17:51:03.850946,2023-05-30 18:26:19.967774,0 days 00:35:16.116828,9.218592325854967e-06,unet++,zscore,126,logcosh,2.5757119022190637e-08,COMPLETE
16,2.218735742600234,49.01019337271818,9.11392092040499,2023-05-30 17:56:15.691677,2023-05-30 18:00:39.686247,0 days 00:04:23.994570,3.185279508839284e-06,unet++,minmax,126,logcosh,1.592419093873751e-08,COMPLETE
17,1.1648276730496718,4.6452437105456585,2.478346531602464,2023-05-30 18:00:39.805885,2023-05-30 18:05:31.846154,0 days 00:04:52.040269,2.6283184667976507e-05,deeplabv3+,zscore,34,mae,1.0465709951315053e-12,COMPLETE
18,1.0597270564516177,1.3582349866750074,1.1681327363134664,2023-05-30 18:05:31.948048,2023-05-30 18:17:37.003249,0 days 00:12:05.055201,0.0004023863922539117,pspnet,minmax,10,smooth,2.8915997781040094e-07,COMPLETE
19,1.0583692679901178,4.006727409090579,2.247897066278666,2023-05-30 18:17:37.118391,2023-05-30 18:22:52.284608,0 days 00:05:15.166217,0.00029128861050917507,unet,zscore,94,logcosh,2.178140071514902e-05,COMPLETE
20,1.102875925406447,1.9572386695805628,1.4209436789770988,2023-05-30 18:22:52.394557,2023-05-30 18:33:48.290534,0 days 00:10:55.895977,8.761953048594023e-05,deeplabv3,negone,37,logcosh,7.195865093725169e-09,COMPLETE
21,0.9630187621428106,0.40660362021027563,0.7066731587833684,2023-05-30 18:26:20.093185,2023-05-30 18:56:12.737095,0 days 00:29:52.643910,5.102235004437941e-06,unet++,minmax,6,mae,4.52391314541118e-09,COMPLETE
22,0.9926149195482147,0.9172396341233279,0.9341048239217754,2023-05-30 18:33:48.386986,2023-05-30 18:40:23.191153,0 days 00:06:34.804167,0.0014760329488129659,unet++,negone,22,mse,5.8429706622947464e-09,COMPLETE
23,1.0683858226276923,4.384070223800676,2.408890869228076,2023-05-30 18:40:23.290627,2023-05-30 18:58:32.587206,0 days 00:18:09.296579,2.221823854185332e-05,manet,zscore,108,logcosh,1.4843079940067858e-11,COMPLETE
24,1.0665515783214816,5.261536093584677,2.934363333044286,2023-05-30 18:56:35.951991,2023-05-30 19:35:44.114060,0 days 00:39:08.162069,2.3899838645133014e-06,unet++,negone,27,huber,8.716236047182032e-08,COMPLETE
25,1.1674363366156548,4.8380124594746565,2.5459437246841645,2023-05-30 18:58:54.204882,2023-05-30 19:31:39.179152,0 days 00:32:44.974270,3.646490568252378e-06,deeplabv3+,zscore,78,logcosh,3.3060213667953846e-05,COMPLETE
26,1.1641966635510774,3.6878823265686633,2.2761839843330223,2023-05-30 19:31:39.322517,2023-05-30 19:45:57.983499,0 days 00:14:18.660982,5.282986358782595e-06,deeplabv3+,minmax,73,logcosh,7.332317769012572e-10,COMPLETE
27,0.99342068004128,0.8883657966117572,0.8964990811538683,2023-05-30 19:35:44.210699,2023-05-30 19:51:46.517200,0 days 00:16:02.306501,0.001781361518944176,manet,negone,71,logcosh,0.0002711198826646007,COMPLETE
28,0.9956951741717728,0.9466701048854639,0.9417486123244216,2023-05-30 19:45:58.087921,2023-05-30 20:03:39.115318,0 days 00:17:41.027397,0.0013094836497821302,unet++,negone,98,mae,1.222894191963587e-09,COMPLETE
29,1.3322703518948495,5.906290150829533,2.719290639111556,2023-05-30 19:51:46.609863,2023-05-30 20:17:21.972923,0 days 00:25:35.363060,1.6611776610434647e-06,unet,minmax,57,huber,2.475873765999659e-07,COMPLETE
30,1.0319915392198697,1.1301308969589434,1.1917007713504506,2023-05-30 20:03:39.211256,2023-05-30 20:27:46.904455,0 days 00:24:07.693199,5.299623455282825e-06,manet,minmax,50,smooth,0.0007315142105763939,COMPLETE
31,1.029219865432779,1.2844367136921968,1.171919424639207,2023-05-30 20:18:19.770519,2023-05-30 20:31:06.870133,0 days 00:12:47.099614,0.00010306973723711302,fpn,minmax,17,xsigmoid,1.0878403360852277e-11,COMPLETE
32,0.9935847770152858,0.9214548207509137,0.9295442112451741,2023-05-30 20:28:17.152161,2023-05-30 20:36:32.409769,0 days 00:08:15.257608,0.000978479118035451,manet,negone,29,mae,3.488269796037184e-12,COMPLETE
33,1.0397922071117573,1.3312917365282941,1.1370189993467859,2023-05-30 20:31:06.963861,2023-05-30 20:39:15.879817,0 days 00:08:08.915956,0.00018922739139132024,deeplabv3+,negone,16,xtanh,1.133405124256192e-06,COMPLETE
34,1.0796497251485122,2.3691710797796595,1.7400751718033118,2023-05-30 20:36:32.521241,2023-05-30 20:40:39.540139,0 days 00:04:07.018898,0.0014001327980386854,unet++,negone,119,smooth,9.237588428281613e-07,COMPLETE
35,1.2264102326467283,5.539308812249543,2.7641950350395055,2023-05-30 20:39:15.981193,2023-05-30 20:45:17.068734,0 days 00:06:01.087541,1.1266701878877728e-05,deeplabv3,zscore,121,mse,4.643518833972741e-05,COMPLETE
36,1.0608939671405464,1.3713967565958225,1.1640830927623707,2023-05-30 20:40:39.638263,2023-05-30 20:51:25.084414,0 days 00:10:45.446151,0.0008269910775268467,pspnet,minmax,51,xtanh,1.8322777602606757e-10,COMPLETE
37,1.0444938317585037,1.260292181506456,1.271368340777632,2023-05-30 20:45:17.152836,2023-05-30 21:03:34.040666,0 days 00:18:16.887830,9.902934666895363e-06,manet,minmax,87,huber,4.147714246227241e-08,COMPLETE
38,1.0418691358629952,1.3533761446032633,1.242392544121446,2023-05-30 20:51:25.212221,2023-05-30 21:17:31.221936,0 days 00:26:06.009715,2.0928715282204056e-05,deeplabv3+,minmax,94,smooth,8.020150331421993e-05,COMPLETE
39,1.2900491792723814,4.994480701586399,2.641689569893387,2023-05-30 21:03:34.115105,2023-05-30 21:34:20.129998,0 days 00:30:46.014893,1.5634132381752595e-06,unet,minmax,79,logcosh,2.4023823359072413e-05,COMPLETE
40,1.0650964885286802,1.452371441095807,1.238176610274859,2023-05-30 21:17:31.304549,2023-05-30 21:23:30.205969,0 days 00:05:58.901420,0.0002508633780518012,deeplabv3,minmax,77,mae,6.194011908018905e-10,COMPLETE
41,1.2502276228900613,5.3761155210075575,2.484337392907522,2023-05-30 21:23:30.299177,2023-05-30 21:39:05.034283,0 days 00:15:34.735106,3.0296310278983887e-06,deeplabv3,minmax,90,xsigmoid,7.812797491890647e-05,COMPLETE
42,1.197497498778922,3.8283993218421575,2.173734165243554,2023-05-30 21:34:20.258205,2023-05-30 21:51:27.794037,0 days 00:17:07.535832,1.4970578200769323e-05,fpn,zscore,94,xtanh,2.0474336944226856e-10,COMPLETE
43,0.9599522579925722,0.37642779032417917,0.6621015524369589,2023-05-30 21:39:05.165619,2023-05-30 21:58:28.168108,0 days 00:19:23.002489,0.0020806786154491134,manet,minmax,96,xtanh,8.278383992889147e-12,COMPLETE
44,3.361707313781307,8.217590742006383,3.3273253276664376,2023-05-30 21:51:51.501754,2023-05-30 21:57:45.669006,0 days 00:05:54.167252,1.484078444679139e-06,fpn,negone,94,mae,0.00037374237771707587,COMPLETE
45,0.9966763966640967,1.1717390148832234,1.106336488987593,2023-05-30 21:57:45.754246,2023-05-30 22:26:57.633358,0 days 00:29:11.879112,0.00042912064940773875,linknet,negone,53,mse,0.00019095185233813626,COMPLETE
46,1.0966858501836594,4.92242459541109,2.5982594619190644,2023-05-30 21:58:52.424709,2023-05-30 22:32:52.022391,0 days 00:33:59.597682,3.4854841504132265e-06,manet,zscore,105,logcosh,0.00021769839714347184,COMPLETE
47,1.0469580991883851,1.3167977270027607,1.2098569313669623,2023-05-30 22:26:57.725986,2023-05-30 22:36:40.169109,0 days 00:09:42.443123,0.0001262786392436874,linknet,minmax,59,xtanh,0.0001683527032353388,COMPLETE
48,1.1198611630613406,2.0717794703781576,1.534847298900273,2023-05-30 22:32:52.121041,2023-05-30 23:01:19.242293,0 days 00:28:27.121252,2.4896632824992464e-06,manet,minmax,47,mae,0.0009998546784309845,COMPLETE
49,1.0967530513075785,3.80706826326901,2.152742868101721,2023-05-30 22:36:40.272981,2023-05-30 22:39:49.547834,0 days 00:03:09.274853,0.0009917124867738617,linknet,zscore,15,mae,1.374716954864566e-06,COMPLETE
50,0.9804792393298294,0.6123768185059376,0.8731884059066869,2023-05-30 22:39:49.652531,2023-05-30 22:52:34.072085,0 days 00:12:44.419554,7.623902689829396e-05,unet,minmax,76,mse,0.00028355475960317077,COMPLETE
51,1.0695379186893748,1.43734144503693,1.216368112877054,2023-05-30 22:52:34.160427,2023-05-30 23:03:36.889618,0 days 00:11:02.729191,0.006889530478335835,deeplabv3,minmax,55,xsigmoid,5.388578193125046e-09,COMPLETE
52,1.1647056063011387,3.2373672513280813,1.9722661178260203,2023-05-30 23:01:19.348646,2023-05-30 23:07:57.058725,0 days 00:06:37.710079,2.5687181468915415e-05,unet,minmax,87,xtanh,7.012471876925735e-05,COMPLETE
53,1.0294691558728157,1.3868161348635148,1.2143821869399933,2023-05-30 23:03:37.029360,2023-05-30 23:14:52.819671,0 days 00:11:15.790311,0.0003324808851699029,fpn,minmax,51,xsigmoid,6.935648296133043e-11,COMPLETE
54,1.0768921835975005,1.5416426531028822,1.2854698667194473,2023-05-30 23:07:57.170000,2023-05-30 23:28:09.575530,0 days 00:20:12.405530,4.324830640708608e-06,pspnet,minmax,19,xtanh,5.095545050211428e-09,COMPLETE
55,1.0943625601156097,1.8408990358263775,1.389524159018891,2023-05-30 23:15:15.042281,2023-05-30 23:22:05.917022,0 days 00:06:50.874741,0.00014454804492687528,deeplabv3,negone,49,logcosh,3.274720014209478e-07,COMPLETE
56,3.875515803047658,7.394089847349712,3.274113344090803,2023-05-30 23:22:06.004241,2023-05-30 23:25:02.491827,0 days 00:02:56.487586,2.0757083763175643e-06,linknet,zscore,93,logcosh,3.302292379117967e-09,COMPLETE
57,1.1489944703261634,3.7303745617543727,2.1306790674224128,2023-05-30 23:25:02.582261,2023-05-30 23:30:41.489691,0 days 00:05:38.907430,0.0015059371119989465,fpn,zscore,10,smooth,1.0899722277560529e-11,COMPLETE
58,1.0135501740212425,0.9403919168003826,0.923076976588365,2023-05-30 23:28:31.787906,2023-05-30 23:44:42.228382,0 days 00:16:10.440476,0.00013080358547894368,deeplabv3+,minmax,5,mse,0.00015069134280088208,COMPLETE
59,1.2282700735085537,5.152753276363091,2.642312409113098,2023-05-30 23:30:41.608565,2023-05-30 23:39:09.145177,0 days 00:08:27.536612,2.636449793841918e-06,deeplabv3,zscore,50,huber,3.9025666277166716e-11,COMPLETE
60,2.3782837929576828,27.944710533515806,6.919860266549008,2023-05-30 23:39:09.258110,2023-05-30 23:42:45.781541,0 days 00:03:36.523431,2.186621091854318e-06,unet++,negone,90,mse,1.7497141572062836e-06,COMPLETE
61,0.9794511834549422,0.5963234414504085,0.8500278244374931,2023-05-30 23:42:45.908041,2023-05-30 23:47:35.286927,0 days 00:04:49.378886,0.00025072713441067965,unet,minmax,55,xsigmoid,9.007889186180289e-07,COMPLETE
62,1.046226298508629,1.7792873227626351,1.4502784303853564,2023-05-30 23:44:42.310297,2023-05-30 23:56:58.903054,0 days 00:12:16.592757,4.661121999173718e-05,fpn,minmax,38,smooth,0.00012488540012829387,COMPLETE
63,1.0825414100612258,3.8205670310605955,2.1663487433788817,2023-05-30 23:47:35.392657,2023-05-30 23:51:21.278307,0 days 00:03:45.885650,0.0010109401466960669,unet,zscore,75,xsigmoid,4.241290503552329e-08,COMPLETE
64,1.160218047208851,4.086234509411634,2.256285342420898,2023-05-30 23:51:21.363299,2023-05-30 23:59:17.030609,0 days 00:07:55.667310,6.582471301178855e-05,deeplabv3,zscore,60,mse,7.627689075454885e-09,COMPLETE
65,1.126131033596005,2.502090687147312,1.8287370258106554,2023-05-30 23:56:59.003811,2023-05-31 00:01:02.590228,0 days 00:04:03.586417,3.124831471831867e-05,deeplabv3,minmax,41,logcosh,8.979427848776178e-12,COMPLETE
66,1.0364037701495064,3.395332632018668,2.2545345485328876,2023-05-30 23:59:17.122671,2023-05-31 00:21:32.740220,0 days 00:22:15.617549,1.532929296334742e-05,manet,negone,72,logcosh,2.2925092021508307e-11,COMPLETE
67,0.9595345449682441,0.3751236925740018,0.6622440848155516,2023-05-31 00:01:02.690800,2023-05-31 00:14:46.124180,0 days 00:13:43.433380,0.006051196638551918,unet,minmax,19,logcosh,9.333614979831433e-12,COMPLETE
68,1.1497227781143442,3.7169787588797947,2.1086239344550974,2023-05-31 00:14:46.244557,2023-05-31 00:20:58.837246,0 days 00:06:12.592689,0.0038114665976858738,fpn,zscore,26,xsigmoid,3.029566961319655e-07,COMPLETE
69,1.0531174757049022,1.347397944476837,1.1602708166610778,2023-05-31 00:20:58.951646,2023-05-31 00:36:13.711033,0 days 00:15:14.759387,0.00032231148642782444,fpn,negone,102,xsigmoid,2.0853356425761826e-10,COMPLETE
70,1.0225016544358103,1.9200018167988289,1.5368984948369102,2023-05-31 00:21:32.830185,2023-05-31 00:52:12.872543,0 days 00:30:40.042358,3.330214868719811e-06,unet++,negone,7,xsigmoid,3.244944872607671e-11,COMPLETE
71,9.466070796855576,84.24811021130631,13.045999107815362,2023-05-31 00:36:13.833754,2023-05-31 00:39:06.333761,0 days 00:02:52.500007,0.0009493527918429322,fpn,minmax,115,mse,1.4117491961052773e-10,COMPLETE
72,1.0442531681635654,4.5491546045337525,2.465701458219517,2023-05-31 00:39:06.423403,2023-05-31 01:08:40.335279,0 days 00:29:33.911876,3.5580408583870545e-06,unet++,zscore,24,xtanh,9.043315591572403e-08,COMPLETE
73,1.1890190471736661,4.105359786936511,2.280225898469162,2023-05-31 00:52:34.757071,2023-05-31 01:16:45.879590,0 days 00:24:11.122519,3.340745336605778e-06,pspnet,zscore,113,huber,2.0819451176856854e-12,COMPLETE
74,1.0523018217757574,4.214404048200536,2.344921365258586,2023-05-31 01:09:03.578961,2023-05-31 01:17:10.312580,0 days 00:08:06.733619,2.837455961218e-05,unet,zscore,32,mse,5.556032879084199e-05,COMPLETE
75,1.2238200504989116,5.669273088077395,2.8108862660019596,2023-05-31 01:16:46.010242,2023-05-31 01:52:09.454945,0 days 00:35:23.444703,1.527595290079141e-06,deeplabv3+,zscore,109,mae,3.532782093351768e-12,COMPLETE
76,1.0372163863372217,1.3945820375272542,1.18462892719803,2023-05-31 01:17:10.386286,2023-05-31 01:27:45.325149,0 days 00:10:34.938863,0.00037277713845134286,deeplabv3+,negone,91,smooth,2.836638916561599e-11,COMPLETE
77,6.191016993778459,13.576409451098671,4.582213175024649,2023-05-31 01:27:45.484113,2023-05-31 01:30:50.417452,0 days 00:03:04.933339,1.7112257263443811e-06,linknet,negone,114,xtanh,8.040818088092283e-10,COMPLETE
78,1.0162761703382326,0.9681555335875981,0.9378150816224331,2023-05-31 01:30:50.563437,2023-05-31 01:37:34.581206,0 days 00:06:44.017769,0.001131867566466488,deeplabv3+,minmax,39,xsigmoid,5.5324738960814896e-05,COMPLETE
79,1.0874440767472817,1.6268459144195957,1.2967926993660492,2023-05-31 01:37:34.776713,2023-05-31 01:47:15.339932,0 days 00:09:40.563219,0.00012809519414264678,pspnet,negone,39,mae,6.598102030103962e-09,COMPLETE
80,1.0606582183628679,3.961633141614353,2.2319230322832846,2023-05-31 01:47:15.501933,2023-05-31 01:57:09.457147,0 days 00:09:53.955214,0.00014458221650132124,manet,zscore,124,mse,2.714886376211366e-11,COMPLETE
81,1.0751242049825702,1.525392886606587,1.2631414777448506,2023-05-31 01:52:09.679306,2023-05-31 01:59:01.389767,0 days 00:06:51.710461,0.006583977767849602,pspnet,minmax,59,xtanh,2.648961371411233e-07,COMPLETE
82,1.0359254557166604,1.1757096270393002,1.183787434182177,2023-05-31 01:57:09.637959,2023-05-31 02:12:55.423448,0 days 00:15:45.785489,1.852129245411683e-05,manet,minmax,76,xsigmoid,1.0150948162844007e-09,COMPLETE
83,1.0610381870463488,1.4407384546146909,1.3538886144773032,2023-05-31 01:59:01.694922,2023-05-31 02:18:36.970486,0 days 00:19:35.275564,7.956133989952879e-05,linknet,minmax,82,smooth,1.968006717900019e-05,COMPLETE
84,1.027861827830531,1.528264843568554,1.2891267711859749,2023-05-31 02:12:55.561821,2023-05-31 02:21:42.563879,0 days 00:08:47.002058,0.00016586604113801758,fpn,minmax,15,smooth,4.865733864219255e-11,COMPLETE
85,1.1505982260016037,3.689958144953156,2.0957341799507043,2023-05-31 02:19:32.886563,2023-05-31 02:26:18.604436,0 days 00:06:45.717873,0.0003946773286857703,fpn,zscore,23,xsigmoid,8.009559198975481e-10,COMPLETE
86,1.1020252373728798,3.583485607618118,2.037434282316383,2023-05-31 02:21:43.002772,2023-05-31 02:30:13.128640,0 days 00:08:30.125868,0.003969331220138575,manet,zscore,87,smooth,3.7985900641744e-07,COMPLETE
87,1.2287062315584885,5.139516670876505,2.636573544963071,2023-05-31 02:26:18.839676,2023-05-31 02:33:18.783693,0 days 00:06:59.944017,2.6543805846519704e-06,deeplabv3,zscore,37,mae,3.1312708182079855e-10,COMPLETE
88,1.0593434756530726,4.894882295770275,2.5751581640745873,2023-05-31 02:31:02.918800,2023-05-31 03:06:59.349861,0 days 00:35:56.431061,1.0586362473765991e-06,unet++,zscore,20,huber,8.137840406239931e-10,COMPLETE
89,0.992467607979988,0.869565978072681,0.8781121169822286,2023-05-31 02:33:18.914228,2023-05-31 02:45:59.915371,0 days 00:12:41.001143,0.0003508227442225313,unet++,negone,6,smooth,1.3609153490521479e-06,COMPLETE
90,1.0511877996863952,2.6585815188749806,1.8591777074944025,2023-05-31 02:46:00.025848,2023-05-31 03:05:56.780340,0 days 00:19:56.754492,6.425013353453088e-05,fpn,minmax,122,huber,1.09473998979853e-08,COMPLETE
91,1.0809495376537852,4.232301183609549,2.337707759813898,2023-05-31 03:05:56.909221,2023-05-31 03:10:08.743833,0 days 00:04:11.834612,0.0013676710199540638,linknet,zscore,118,xtanh,2.7881897975664305e-12,COMPLETE
92,1.0172078920849001,0.9758008403340231,0.9442760705633421,2023-05-31 03:06:59.491267,2023-05-31 03:14:16.846478,0 days 00:07:17.355211,0.0009317098777839183,deeplabv3+,minmax,100,mse,8.439996815851246e-07,COMPLETE
93,1.1962558881605625,3.824883305027977,2.190630276032795,2023-05-31 03:10:08.877772,2023-05-31 03:17:44.859692,0 days 00:07:35.981920,0.0016696220841575834,deeplabv3,zscore,55,logcosh,9.617924557537815e-12,COMPLETE
94,1.0139112044391052,1.0524976401195218,1.1568781377350035,2023-05-31 03:14:17.091065,2023-05-31 03:35:53.102406,0 days 00:21:36.011341,1.606113688000892e-06,unet,minmax,4,xtanh,1.2976238273274063e-09,COMPLETE
95,0.9914558933978521,0.8949943051694004,0.9167611816386357,2023-05-31 03:17:45.020029,2023-05-31 03:26:30.495862,0 days 00:08:45.475833,0.0016407106434980878,unet,negone,5,mae,3.9165563580021015e-08,COMPLETE
96,1.9603529314938746,6.895757868774827,3.033741776940351,2023-05-31 03:26:30.714935,2023-05-31 03:50:50.203928,0 days 00:24:19.488993,4.230320004691067e-05,linknet,minmax,124,mse,2.712562718153424e-08,COMPLETE
97,1.1035535403034349,1.8362119924077909,1.4274816278410485,2023-05-31 03:35:53.261378,2023-05-31 04:00:13.336473,0 days 00:24:20.075095,1.4728282439801808e-06,pspnet,minmax,42,mae,4.8910419338314606e-05,COMPLETE
98,1.011860937319177,1.772796084697466,1.480017504942055,2023-05-31 03:51:56.948037,2023-05-31 03:58:55.598168,0 days 00:06:58.650131,5.474640296383836e-05,manet,negone,19,huber,3.709145271220513e-05,COMPLETE
99,1.2019696091043963,3.9426325277478336,1.9491568177675223,2023-05-31 03:58:55.719730,2023-05-31 04:09:18.814366,0 days 00:10:23.094636,6.20863396957602e-06,deeplabv3,minmax,53,xsigmoid,0.0004059839081280171,COMPLETE
100,1.2754297900041822,7.736859371559684,3.485277274852301,2023-05-31 04:00:37.689022,2023-05-31 04:37:59.589068,0 days 00:37:21.900046,1.8349667290697234e-06,unet,negone,119,logcosh,2.650425196286833e-10,COMPLETE
101,0.962530483897412,0.4129024550125787,0.696719045286824,2023-05-31 04:09:18.904095,2023-05-31 04:19:04.409388,0 days 00:09:45.505293,0.00971042024673141,unet,minmax,13,logcosh,2.5233875632000216e-09,COMPLETE
102,0.963288941472889,0.4160159617230355,0.7012280438511562,2023-05-31 04:19:04.504032,2023-05-31 04:26:05.348153,0 days 00:07:00.844121,0.009713683773869579,unet,minmax,11,logcosh,2.772094423806634e-09,COMPLETE
103,0.9624420831378052,0.40542595728588615,0.6848519884801778,2023-05-31 04:26:05.448683,2023-05-31 04:45:50.810781,0 days 00:19:45.362098,0.008622113424665874,unet,minmax,65,logcosh,5.695580605083572e-12,COMPLETE
104,0.9646141078745799,0.432253152108773,0.7035916011967941,2023-05-31 04:37:59.683793,2023-05-31 04:54:59.833716,0 days 00:17:00.149923,0.00868893855558684,unet,minmax,66,logcosh,8.76148179847864e-11,COMPLETE
105,0.9666790193732674,0.45418472394728515,0.7289582360622313,2023-05-31 04:45:50.922577,2023-05-31 04:58:10.495675,0 days 00:12:19.573098,0.009619114514636052,unet,minmax,62,logcosh,2.841303251265314e-09,COMPLETE
106,0.9626311088877908,0.40738411103593986,0.6877490176759204,2023-05-31 04:54:59.928676,2023-05-31 05:11:54.025312,0 days 00:16:54.096636,0.009583882654459,unet,minmax,45,logcosh,6.198466043813422e-12,COMPLETE
107,0.9649943903417958,0.4350772538821829,0.7121495930318741,2023-05-31 04:58:10.661379,2023-05-31 05:14:35.835352,0 days 00:16:25.173973,0.00883282961252089,unet,minmax,64,logcosh,6.0695364385597524e-12,COMPLETE
108,0.9640238395612816,0.4355651536356476,0.7104968979661439,2023-05-31 05:11:54.164269,2023-05-31 05:22:43.622713,0 days 00:10:49.458444,0.00887349458267775,unet,minmax,12,logcosh,7.426821178904178e-12,COMPLETE
109,0.957842853115706,0.3508971209170432,0.6344404714163526,2023-05-31 05:14:59.176647,2023-05-31 05:31:46.079172,0 days 00:16:46.902525,0.009525562005171238,unet,minmax,11,logcosh,5.812762642584685e-12,COMPLETE
110,0.9600883312635037,0.37956222446861126,0.6647171463472256,2023-05-31 05:23:06.949498,2023-05-31 05:36:41.113339,0 days 00:13:34.163841,0.0023961338291427245,unet,minmax,45,logcosh,6.094746901577296e-12,COMPLETE
111,0.9573564148451773,0.350282989857437,0.6361906631658799,2023-05-31 05:31:46.198428,2023-05-31 05:51:53.647266,0 days 00:20:07.448838,0.009069097280594423,unet,minmax,11,logcosh,5.7518702440898954e-12,COMPLETE
112,0.9584172267596284,0.35663756798907137,0.6433850322340944,2023-05-31 05:36:41.222893,2023-05-31 05:47:37.010710,0 days 00:10:55.787817,0.008594154303487103,unet,minmax,10,logcosh,1.74504919754363e-11,COMPLETE
113,0.9600366271486622,0.38230959231744494,0.6688642109681244,2023-05-31 05:47:37.107083,2023-05-31 06:04:46.197036,0 days 00:17:09.089953,0.007139266245512673,unet,minmax,11,logcosh,5.726051692315703e-12,COMPLETE
114,0.9623721639083256,0.4096111212566824,0.6947754934319719,2023-05-31 05:51:53.777795,2023-05-31 06:02:42.763568,0 days 00:10:48.985773,0.007477514170921585,unet,minmax,12,logcosh,5.484341931180038e-12,COMPLETE
115,0.9679267378749101,0.5494703134523974,0.8300112425910762,2023-05-31 06:02:42.872851,2023-05-31 06:06:50.555964,0 days 00:04:07.683113,0.007224211951799264,unet,minmax,9,logcosh,5.7484085296172964e-12,COMPLETE
116,0.9576278792859017,0.35433925571293334,0.6464119360258428,2023-05-31 06:04:46.302599,2023-05-31 06:27:11.108962,0 days 00:22:24.806363,0.007027480940952398,unet,minmax,8,logcosh,1.9360442160654503e-11,COMPLETE
117,0.960387127596592,0.38070933137437957,0.6660378052427295,2023-05-31 06:06:50.657998,2023-05-31 06:13:56.423909,0 days 00:07:05.765911,0.00565366953923679,unet,minmax,8,logcosh,1.7317288093369436e-11,COMPLETE
118,0.9608055094427124,0.3885989038038847,0.6768930107051571,2023-05-31 06:13:56.549796,2023-05-31 06:24:58.865177,0 days 00:11:02.315381,0.005734040210883543,unet,minmax,9,logcosh,1.825384105217177e-11,COMPLETE
119,0.9616753382647669,0.395962469180634,0.6822716458138898,2023-05-31 06:24:59.007687,2023-05-31 06:35:16.479481,0 days 00:10:17.471794,0.005471206589943348,unet,minmax,13,logcosh,1.531466503537337e-11,COMPLETE
120,0.9683289780114963,0.6114772195617526,0.8713409745609421,2023-05-31 06:27:11.213376,2023-05-31 06:31:13.203340,0 days 00:04:01.989964,0.005184644116733882,unet,minmax,13,logcosh,1.8031637244101273e-11,COMPLETE
121,0.9582099855933413,0.35466414324762585,0.6403144689222402,2023-05-31 06:31:13.327496,2023-05-31 06:42:18.055742,0 days 00:11:04.728246,0.006077787029044962,unet,minmax,8,logcosh,1.583474807923973e-11,COMPLETE
122,0.9616057082329919,0.39289853704884975,0.6758322673524513,2023-05-31 06:35:16.597217,2023-05-31 06:42:20.046323,0 days 00:07:03.449106,0.006105479102272225,unet,minmax,9,logcosh,1.626374126241038e-11,COMPLETE
123,0.9685645706469376,0.7923789275309068,1.027828127456037,2023-05-31 06:42:18.166020,2023-05-31 06:47:13.582671,0 days 00:04:55.416651,0.005776463117154652,unet,minmax,18,logcosh,1.624802005876723e-11,COMPLETE
124,0.9578518963922464,0.3555539451771128,0.6417210101920707,2023-05-31 06:42:43.087024,2023-05-31 06:57:16.407322,0 days 00:14:33.320298,0.0026990058754256165,unet,minmax,8,logcosh,2.00369755984898e-11,COMPLETE
125,0.9602979524713556,0.38703493251913124,0.6804840251373581,2023-05-31 06:47:36.921021,2023-05-31 06:57:37.950821,0 days 00:10:01.029800,0.0060833405159508875,unet,minmax,8,logcosh,1.1638391752758382e-12,COMPLETE
126,0.9724219450311932,0.5433172267885247,0.8047682819741411,2023-05-31 06:57:16.543765,2023-05-31 07:01:15.037031,0 days 00:03:58.493266,0.007562462247851631,unet,minmax,15,logcosh,1.1006006009662638e-12,COMPLETE
127,0.9617236761509591,0.3947553801225562,0.6756234971151598,2023-05-31 06:57:38.070781,2023-05-31 07:09:05.013404,0 days 00:11:26.942623,0.007696743208675895,unet,minmax,21,logcosh,1.849544122555286e-12,COMPLETE
128,0.9602756501931767,0.3816298647704587,0.6648813043280876,2023-05-31 07:01:15.139015,2023-05-31 07:12:44.884540,0 days 00:11:29.745525,0.003146441609028244,unet,minmax,22,logcosh,1.8405417115156784e-12,COMPLETE
129,0.9571901738949703,0.34551923356803077,0.6345444557808305,2023-05-31 07:09:05.179283,2023-05-31 07:30:46.540572,0 days 00:21:41.361289,0.002897189983950141,unet,minmax,8,logcosh,1.7226779815248636e-12,COMPLETE
130,0.9609492838307128,0.3917350082130002,0.6768681941923432,2023-05-31 07:12:45.013997,2023-05-31 07:21:52.561826,0 days 00:09:07.547829,0.002912147192053774,unet,minmax,17,logcosh,1.8252917498562487e-12,COMPLETE
131,0.9574898870542017,0.3442722897488712,0.630203516879448,2023-05-31 07:21:52.657601,2023-05-31 07:32:55.749887,0 days 00:11:03.092286,0.004873877995789433,unet,minmax,8,logcosh,4.320943608799444e-12,COMPLETE
132,0.9570060382889714,0.3404996390473804,0.627988662014309,2023-05-31 07:30:46.679582,2023-05-31 07:41:46.109003,0 days 00:10:59.429421,0.0023091053028326592,unet,minmax,8,logcosh,1.8748775420487793e-12,COMPLETE
133,0.957492458430732,0.3462420300829267,0.6345502024443705,2023-05-31 07:32:55.863312,2023-05-31 07:46:07.583539,0 days 00:13:11.720227,0.0023368092211104416,unet,minmax,7,logcosh,3.6385960142823736e-06,COMPLETE
134,0.9642662532030809,0.4422848530306735,0.7117532244755965,2023-05-31 07:41:46.217105,2023-05-31 07:48:40.736113,0 days 00:06:54.519008,0.0022655577589565123,unet,minmax,11,logcosh,1.1618633501707497e-05,COMPLETE
135,0.957039389444604,0.3413637764476763,0.6300920467295692,2023-05-31 07:46:07.688667,2023-05-31 07:59:22.042947,0 days 00:13:14.354280,0.002149769011411973,unet,minmax,4,logcosh,5.806863630170559e-06,COMPLETE
136,0.9596491860829509,0.37109970914516094,0.6584888216656958,2023-05-31 07:48:40.870704,2023-05-31 07:58:44.643904,0 days 00:10:03.773200,0.002453934273189493,unet,minmax,7,logcosh,2.304085939043224e-12,COMPLETE
137,0.9597710444319197,0.3763973044847463,0.6675272496955251,2023-05-31 07:58:44.757643,2023-05-31 08:17:46.477842,0 days 00:19:01.720199,0.0006639519950818423,unet,minmax,4,logcosh,6.1096597321236416e-06,COMPLETE
138,0.9588630842297355,0.37803193919428085,0.678037579731554,2023-05-31 07:59:22.145093,2023-05-31 08:10:35.130978,0 days 00:11:12.985885,0.0026174987502185568,unet,minmax,4,logcosh,1.1383851090533845e-05,COMPLETE
139,0.9626476094733891,0.41969906378015176,0.7152065458248176,2023-05-31 08:10:58.243949,2023-05-31 08:16:22.542842,0 days 00:05:24.298893,0.00201665085711744,unet,minmax,4,logcosh,2.471777062474563e-12,COMPLETE
140,0.9589494433074415,0.36968849689975714,0.6608885225004411,2023-05-31 08:16:22.637841,2023-05-31 08:25:59.944570,0 days 00:09:37.306729,0.0025304900973197974,unet,minmax,14,logcosh,1.414834171291395e-12,COMPLETE
141,0.9583679694250586,0.3613800880560734,0.6497990800075601,2023-05-31 08:18:08.985190,2023-05-31 08:35:26.628454,0 days 00:17:17.643264,0.002766399640176228,unet,minmax,8,logcosh,4.0950296422362953e-10,COMPLETE
142,0.958211089268373,0.3583882299507568,0.6470050068259777,2023-05-31 08:26:00.049418,2023-05-31 08:39:02.187915,0 days 00:13:02.138497,0.002853537949062037,unet,minmax,7,logcosh,1.4686364102287553e-12,COMPLETE
143,0.963563870514687,0.45148191286515477,0.7345158797402375,2023-05-31 08:35:26.741709,2023-05-31 08:43:44.768277,0 days 00:08:18.026568,0.0027630208928928184,unet,minmax,14,logcosh,1.596658123271853e-12,COMPLETE
144,0.9675903999648656,0.46211952686370206,0.7314960231727251,2023-05-31 08:39:02.306551,2023-05-31 08:42:59.499826,0 days 00:03:57.193275,0.0029103926847481565,unet,minmax,13,logcosh,1.4706185755416692e-12,COMPLETE
145,0.9583396185750053,0.36634560249415715,0.6582524674434119,2023-05-31 08:42:59.593460,2023-05-31 08:52:52.736617,0 days 00:09:53.143157,0.0005866788964706443,unet,minmax,8,logcosh,4.491191649526317e-06,COMPLETE
146,0.9578322366739975,0.352749528666044,0.6406098625509989,2023-05-31 08:43:44.877620,2023-05-31 08:58:41.850524,0 days 00:14:56.972904,0.0019203517479944826,unet,minmax,7,logcosh,2.958796934802357e-12,COMPLETE
147,0.9579999068929153,0.3510424900878563,0.6394574447920303,2023-05-31 08:52:52.866856,2023-05-31 09:03:45.346738,0 days 00:10:52.479882,0.0018014974466788955,unet,minmax,9,logcosh,3.3247849348337202e-06,COMPLETE
148,0.95954708803985,0.3693360780694626,0.6613258889642374,2023-05-31 08:58:41.973595,2023-05-31 09:13:26.636849,0 days 00:14:44.663254,0.0019847277963806545,linknet,minmax,83,logcosh,2.6159140561111363e-12,COMPLETE
149,0.9575525297163185,0.3534859399434858,0.6438084857230042,2023-05-31 09:03:45.473179,2023-05-31 09:16:58.037826,0 days 00:13:12.564647,0.0033897985687028442,linknet,minmax,11,logcosh,3.85500351297123e-12,COMPLETE
150,0.9609899260958499,0.3969814569600933,0.6855166657325817,2023-05-31 09:13:26.775335,2023-05-31 09:25:14.397146,0 days 00:11:47.621811,0.0034525313330260607,unet,minmax,10,logcosh,2.7118807483266776e-06,COMPLETE
151,0.9607809495748797,0.3850637254400386,0.6701429343425845,2023-05-31 09:16:58.164069,2023-05-31 09:25:23.367873,0 days 00:08:25.203804,0.0004770225249677838,unet,minmax,10,logcosh,1.5123172122770682e-09,COMPLETE
152,0.9588428819876258,0.35960484934261683,0.6421173938711471,2023-05-31 09:25:14.537457,2023-05-31 09:36:17.990757,0 days 00:11:03.453300,0.004525851821940642,unet,minmax,9,logcosh,1.684018781844657e-09,COMPLETE
153,0.966480181693817,0.49834337113282673,0.7745365217556734,2023-05-31 09:25:23.448561,2023-05-31 09:30:00.408882,0 days 00:04:36.960321,0.0018158368280116238,unet,minmax,7,logcosh,1.184181725368026e-12,COMPLETE
154,0.9572346548381344,0.34696347915740566,0.6372800339766945,2023-05-31 09:30:00.504002,2023-05-31 09:48:00.638915,0 days 00:18:00.134913,0.004502535639597442,unet,minmax,7,logcosh,1.6088313557649467e-09,COMPLETE
155,0.9612907946255608,0.39173192032871146,0.6762122579176396,2023-05-31 09:36:18.102670,2023-05-31 09:42:12.428100,0 days 00:05:54.325430,0.004385488753870315,linknet,minmax,17,logcosh,3.9994451503147256e-12,COMPLETE
156,0.9578793801782669,0.3519853123941654,0.6409863899952645,2023-05-31 09:42:34.295600,2023-05-31 09:53:21.190707,0 days 00:10:46.895107,0.0012173347302145917,unet,minmax,12,logcosh,6.131520133028907e-07,COMPLETE
157,0.9618072746594845,0.39629071128053117,0.6860340620475731,2023-05-31 09:48:23.173898,2023-05-31 09:54:50.650865,0 days 00:06:27.476967,0.0007678345060351943,unet,minmax,11,logcosh,1.0541871375440072e-10,COMPLETE
158,0.9591865243930335,0.3658807636219945,0.6575724707958339,2023-05-31 09:53:21.298955,2023-05-31 10:03:35.498695,0 days 00:10:14.199740,0.0006253015001732662,unet,minmax,12,logcosh,3.738394479460187e-06,COMPLETE
159,0.9594819856861674,0.37757488319410976,0.6651643728758327,2023-05-31 09:54:50.774522,2023-05-31 10:08:31.920111,0 days 00:13:41.145589,0.0011791591345042677,unet,minmax,15,logcosh,6.037678050892907e-07,COMPLETE
160,0.9604104698841874,0.3936545634094442,0.6824478869109848,2023-05-31 10:03:35.631400,2023-05-31 10:15:03.089670,0 days 00:11:27.458270,0.0033486835404030347,unet,minmax,15,huber,1.2590668058547814e-08,COMPLETE
161,0.9718977294924233,0.5047611456235984,0.7707915118633971,2023-05-31 10:08:32.030511,2023-05-31 10:18:07.458725,0 days 00:09:35.428214,4.035990431348589e-05,unet,minmax,6,logcosh,4.063731536373118e-10,COMPLETE
162,0.997519641196588,0.8369746577196061,1.024478427524123,2023-05-31 10:15:03.206708,2023-05-31 10:39:43.736985,0 days 00:24:40.530277,3.69436786424634e-05,unet,minmax,70,logcosh,4.2199646691880505e-11,COMPLETE
163,0.9727419506115343,0.5158136168763431,0.8029819467355065,2023-05-31 10:18:07.577150,2023-05-31 10:49:34.882594,0 days 00:31:27.305444,0.0001923040522312849,linknet,minmax,109,logcosh,5.309189071239094e-07,COMPLETE
164,1.6398170015739322,5.599860753261582,2.703125758502877,2023-05-31 10:39:43.871137,2023-05-31 11:06:14.211475,0 days 00:26:30.340338,5.08680558840684e-05,linknet,minmax,110,logcosh,2.7260853565230342e-06,COMPLETE
165,1.0621848425054996,1.382283401444341,1.17910844023665,2023-05-31 10:49:34.992848,2023-05-31 11:01:13.825081,0 days 00:11:38.832233,9.428244282942675e-05,pspnet,minmax,7,logcosh,0.00011309979548757032,COMPLETE
166,0.966494314302048,0.4455040004734007,0.7350721718937159,2023-05-31 11:01:14.108118,2023-05-31 11:12:17.432355,0 days 00:11:03.324237,5.2608065226113554e-05,unet,minmax,4,logcosh,7.333583422885166e-06,COMPLETE
167,1.3792715139411846,6.670396662457459,2.9820344477394336,2023-05-31 11:07:26.792855,2023-05-31 11:16:40.106579,0 days 00:09:13.313724,7.278417715059197e-06,unet,minmax,103,logcosh,1.883566404788861e-08,COMPLETE
168,1.0787648098568952,3.7369449325535413,2.13021906355885,2023-05-31 11:12:39.941744,2023-05-31 11:15:54.937899,0 days 00:03:14.996155,0.0005294772321061125,unet,zscore,10,huber,1.5798715507713593e-07,COMPLETE
169,0.9774300970138269,0.5825495686485311,0.8520339090653406,2023-05-31 11:15:55.046689,2023-05-31 11:35:03.941631,0 days 00:19:08.894942,0.00010374650364576124,unet,minmax,104,xtanh,1.7946417830152823e-08,COMPLETE
170,0.9575355273670739,0.347186445456812,0.6330756841939804,2023-05-31 11:16:40.232522,2023-05-31 11:29:34.857939,0 days 00:12:54.625417,0.002061966553346818,unet,minmax,7,xtanh,1.397325315626866e-05,COMPLETE
171,0.9605690766966745,0.3806113612273992,0.6734746835123353,2023-05-31 11:29:34.970643,2023-05-31 11:36:30.818259,0 days 00:06:55.847616,0.0007339167246399668,unet,minmax,8,xtanh,5.846839858601682e-07,COMPLETE
172,0.9596222205249458,0.383222630576205,0.6761775964628136,2023-05-31 11:35:04.045531,2023-05-31 11:46:03.917444,0 days 00:10:59.871913,0.0005355669832001162,unet,minmax,8,logcosh,5.336121945173356e-08,COMPLETE
173,0.9644551912069527,0.43210572668774033,0.7221325154601128,2023-05-31 11:36:30.992533,2023-05-31 11:43:39.042476,0 days 00:07:08.049943,0.000502520437881398,unet,minmax,68,logcosh,1.1893028568340372e-10,COMPLETE
174,1.196436371080658,3.791899938060317,2.1750658054092504,2023-05-31 11:43:39.159476,2023-05-31 11:50:18.676321,0 days 00:06:39.516845,0.002084425166666666,pspnet,zscore,12,logcosh,7.159888658076461e-11,COMPLETE
175,1.0785111557788423,1.5894921150383432,1.2613898946978348,2023-05-31 11:46:04.037238,2023-05-31 11:54:35.574371,0 days 00:08:31.537133,0.0021544814677353194,pspnet,negone,12,logcosh,8.862812701660983e-09,COMPLETE
176,0.9985680024471161,1.1479583898609151,1.1121029180256896,2023-05-31 11:50:18.832180,2023-05-31 12:03:29.461026,0 days 00:13:10.628846,9.37014513502875e-06,unet,negone,4,logcosh,5.1093303459256074e-11,COMPLETE
177,0.9678996504685832,0.4666997014142215,0.7375325000288089,2023-05-31 11:54:35.724616,2023-05-31 12:10:48.650255,0 days 00:16:12.925639,0.0041877221681071095,unet,minmax,83,logcosh,7.894303724856635e-08,COMPLETE
178,0.9572538347573704,0.3467139009097651,0.63517170410623,2023-05-31 12:03:29.606948,2023-05-31 12:16:45.616101,0 days 00:13:16.009153,0.0011815332780586412,unet,minmax,6,huber,1.2559717263355502e-05,COMPLETE
179,0.9673706240280575,0.4565937719647701,0.7378715380548748,2023-05-31 12:10:48.783573,2023-05-31 12:22:36.887652,0 days 00:11:48.104079,3.3843615871805066e-05,unet,minmax,6,smooth,3.667301154606456e-12,COMPLETE
180,1.1013594705485117,3.615174332295184,2.0690726054250312,2023-05-31 12:16:45.764325,2023-05-31 12:19:59.941655,0 days 00:03:14.177330,0.0017202447621652533,unet,zscore,6,huber,1.3400942670968012e-08,COMPLETE
181,1.2380703674822846,4.0674571341657515,2.2023285904102763,2023-05-31 12:20:00.059995,2023-05-31 12:35:15.463901,0 days 00:15:15.403906,1.129713707144043e-06,unet,minmax,9,logcosh,1.4904547086754634e-07,COMPLETE
182,1.0163992912850757,1.0035647659096676,1.0678641644806408,2023-05-31 12:22:37.012543,2023-05-31 12:33:01.798349,0 days 00:10:24.785806,7.63287038417951e-06,unet,minmax,10,logcosh,1.4437115618227573e-05,COMPLETE
183,0.9595218103969049,0.3764494546396325,0.6691665005931313,2023-05-31 12:33:01.920239,2023-05-31 12:42:42.571309,0 days 00:09:40.651070,0.00024148614421572997,unet,minmax,13,mae,5.855190736367863e-06,COMPLETE
184,1.0165361549327212,0.9762453132057175,0.9484145605573272,2023-05-31 12:36:03.510457,2023-05-31 12:51:28.994196,0 days 00:15:25.483739,6.088384912022348e-05,deeplabv3+,minmax,12,mae,2.286205323709755e-09,COMPLETE
185,0.9594311877873078,0.37621383503256095,0.6671786238150267,2023-05-31 12:43:10.416985,2023-05-31 12:51:59.270750,0 days 00:08:48.853765,0.0034964493550053073,linknet,minmax,17,logcosh,4.193995232028176e-10,COMPLETE
186,1.0253408973018412,1.8572837428660924,1.501834198896804,2023-05-31 12:51:29.187258,2023-05-31 12:59:21.399383,0 days 00:07:52.212125,7.713913762591725e-05,linknet,negone,17,xsigmoid,2.6305339419694557e-08,COMPLETE
187,1.0967095412062642,3.6205251014049695,2.067113926197564,2023-05-31 12:51:59.432860,2023-05-31 12:55:10.382356,0 days 00:03:10.949496,0.0012231858389124674,unet,zscore,7,xsigmoid,2.3850536794970137e-08,COMPLETE
188,0.9917603166874597,0.9238240420789922,0.9304896886255049,2023-05-31 12:55:10.500694,2023-05-31 13:03:51.831112,0 days 00:08:41.330418,0.00019675384939630885,unet,negone,10,logcosh,8.918584810099665e-06,COMPLETE
189,0.9573490848684952,0.34507016395949747,0.635390515881918,2023-05-31 12:59:21.538380,2023-05-31 13:12:30.365106,0 days 00:13:08.826726,0.0007777106546749991,unet,minmax,4,logcosh,0.0006107599671866544,COMPLETE
190,0.9700302868850994,0.49620214795196144,0.7716423205233045,2023-05-31 13:03:51.987204,2023-05-31 13:14:58.975677,0 days 00:11:06.988473,3.580143896071458e-05,unet,minmax,4,logcosh,5.844106958248448e-08,COMPLETE
191,0.9580135278042068,0.3557721533275469,0.6453203421636061,2023-05-31 13:12:30.489898,2023-05-31 13:25:44.428392,0 days 00:13:13.938494,0.0007993860340302303,unet,minmax,6,logcosh,1.3775084607525263e-07,COMPLETE
192,0.9588724120292217,0.3609678204139272,0.6559832612394229,2023-05-31 13:14:59.136427,2023-05-31 13:25:54.399261,0 days 00:10:55.262834,0.0008172970875376057,unet,minmax,8,logcosh,0.0006157214088354671,COMPLETE
193,1.0087587616030578,0.9191810852265467,1.0169501470586322,2023-05-31 13:25:44.586327,2023-05-31 13:32:45.612517,0 days 00:07:01.026190,2.4585072754405e-05,unet,minmax,8,logcosh,2.795609543900149e-06,COMPLETE
194,1.1605628642855903,5.494729801177672,2.752426686744443,2023-05-31 13:25:54.487708,2023-05-31 13:30:19.457474,0 days 00:04:24.969766,4.1987228779804464e-05,deeplabv3+,zscore,80,huber,7.831226100754759e-06,COMPLETE
195,1.0616312825139502,1.3774495150919854,1.1798804288692657,2023-05-31 13:30:19.560848,2023-05-31 13:40:24.209894,0 days 00:10:04.649046,0.00010972901985830312,pspnet,minmax,10,xtanh,3.503504201365828e-09,COMPLETE
196,1.066663987207938,1.4823041281658376,1.2603867087173226,2023-05-31 13:32:45.767883,2023-05-31 13:43:04.840179,0 days 00:10:19.072296,2.9318377562909163e-05,deeplabv3,minmax,14,xtanh,1.4967700288418465e-05,COMPLETE
197,1.098881002058121,2.0125641800959104,1.5138845289019822,2023-05-31 13:40:24.401837,2023-05-31 13:45:33.581216,0 days 00:05:09.179379,1.384824705572855e-05,deeplabv3,minmax,14,smooth,1.0258678736157487e-12,COMPLETE
198,0.9748871433847676,0.5401893543982063,0.7983352248425967,2023-05-31 13:43:05.081113,2023-05-31 13:58:47.324484,0 days 00:15:42.243371,7.931363768611642e-06,unet,minmax,4,smooth,4.375294003379231e-06,COMPLETE
199,4.706292170685545,7.465791333726977,3.296495221839883,2023-05-31 13:45:33.762608,2023-05-31 13:48:34.801611,0 days 00:03:01.039003,1.0497238722934015e-06,unet,zscore,98,mse,1.7747707549760112e-09,COMPLETE
200,1.0001231682904423,1.1154672081917416,1.091284222931468,2023-05-31 13:48:34.971882,2023-05-31 13:54:25.193964,0 days 00:05:50.222082,4.478467610483252e-05,unet,negone,4,logcosh,1.65324487953333e-05,COMPLETE
201,0.9668052014580668,0.45158902034246234,0.7413344472585285,2023-05-31 13:54:25.311045,2023-05-31 13:58:28.216712,0 days 00:04:02.905667,0.00048427634259172486,unet,minmax,11,logcosh,9.911066506209192e-05,COMPLETE
202,0.9855842408049147,0.6665735809911977,0.8838896310318379,2023-05-31 13:58:28.317930,2023-05-31 14:18:56.655595,0 days 00:20:28.337665,4.329822130309638e-06,unet,minmax,7,logcosh,0.0005432203403377585,COMPLETE
