,trial,learning_rate,weight_decay,train_batch_size,training_loss,model_name,epoch,lr,train_loss,train_corr,tcesm_corr,tcorr_cust,tmse_cust,tmae_cust,tgrad_inp,tgrad_lbl,tgrad_out,valid_loss,valid_corr,vcesm_corr,vcorr_cust,vmse_cust,vmae_cust,vgrad_inp,vgrad_lbl,vgrad_out,vmse_extreme_outp,vmse_extreme_cesm,valid_perc,valid_mse,valid_mae,valid_ssim,valid_cesm_perc,valid_cesm_mse,valid_cesm_mae,valid_cesm_ssim,evals_loss,evals_corr,ecesm_corr,ecorr_cust,emse_cust,emae_cust,egrad_inp,egrad_lbl,egrad_out,emse_extreme_outp,emse_extreme_cesm,evals_perc,evals_mse,evals_mae,evals_ssim,evals_cesm_perc,evals_cesm_mse,evals_cesm_mae,evals_cesm_ssim,total_params,train_params
0,7,0.002520109161224812,5.624006149998715e-06,118,mae,deeplabv3,11,0.0025083546844261134,0.0015415487245523504,0.8781773277691433,0.9330933179174151,1.0625476065543307,1.4536216769899641,1.2169331312179565,0.04023331434307099,0.04488241233391924,0.0356913615235086,0.0014726661029271781,0.883621484041214,0.9311710745096207,1.053825354594503,1.3495978713035583,1.1751272976398468,0.039739150118151614,0.04443311709834363,0.036255585391959735,0.003194405057001859,0.0022960497299209237,0.12470965273678303,0.0029453322058543563,0.037409513257443905,0.6243621557950974,0.0401579849421978,0.0021870798664167523,0.031850408762693405,0.8290103375911713,0.001430163672193885,0.8805532455444336,0.9367727041244507,1.0639953935133228,1.6702989339828491,1.3095094919204713,0.01953033798029829,0.027860678935168397,0.014636923838964899,0.003260474558919668,0.0017824707785621286,0.11808596402406693,0.00286032734438777,0.03730280771851539,0.6176476240158081,0.038899869471788404,0.0017328800400719046,0.028543306142091752,0.8308517575263977,26010241,26010241
1,17,1.2182734275546983e-06,0.00042539530976890407,128,mse,fpn,1,2.9331151041806915e-07,0.1265778442223867,0.0022798033194770064,0.9334247608979543,748220.1636335667,119.51584370930989,14.971802552541098,0.040464016928003964,0.044903139425409765,0.07735740141893724,0.08390779048204422,1.433835927855398e-05,0.9283533096313477,66043.71701517381,75.8923568725586,12.021373987197876,0.03923787701998632,0.04517266278977091,0.02309710024960019,0.17698098346590996,0.0022753903176635504,0.19859129562973976,0.16781558096408844,0.3841036260128021,0.13755954429507256,0.03999222256243229,0.0022250009642448276,0.03199806064367294,0.8295586705207825,0.08587553799152374,1.5722011266916524e-05,0.9367727041244507,62094.24364570373,100.64725799560547,13.654137802124023,0.01953033798029829,0.027860678935168397,0.019169861193721046,0.17438611686229705,0.0017824707785621286,0.19512214064598082,0.17175107598304748,0.3887773811817169,0.1362666130065918,0.038899869471788404,0.0017328800400719046,0.028543306142091752,0.8308517575263977,23158529,23158529
2,21,0.001194075628346141,1.9370481717273183e-07,83,huber,deeplabv3,14,0.0011464685974547485,0.0015610426780767739,0.8784666538238526,0.9330340206623078,1.062130327243364,1.4713167071342468,1.2206886410713196,0.04029648290536521,0.04479811059282057,0.036346488420185896,0.0014762557984795421,0.8801107853651047,0.9289447516202927,1.055486715364853,1.3451123535633087,1.1522040963172913,0.03969817870747201,0.04584548824565014,0.036891492214413985,0.0031402172753587365,0.0022799812722951174,0.12571150064468384,0.0029525115969590843,0.03671551961451769,0.6217310577630997,0.039487783797085285,0.0022059246548451483,0.03189910342916846,0.8304840922355652,0.0014439899008721114,0.878257954120636,0.9367727041244507,1.0667284398253405,1.684182095527649,1.2924295902252196,0.01953033798029829,0.027860678935168397,0.014361174667008975,0.0033169844653457405,0.0017824707785621286,0.11895146369934081,0.002887979801744223,0.036813051998615266,0.6134785890579224,0.038899869471788404,0.0017328800400719046,0.028543306142091752,0.8308517575263977,26010241,26010241
3,28,9.780358635036775e-05,3.1747801340071636e-07,31,xsigmoid,unet++,22,2.002940340606586e-05,0.00042296498633312207,0.9696965102966015,0.9330707834317133,0.9622293702031661,0.3990703442922005,0.6908542903570029,0.0403191824543589,0.044696711768458935,0.04214807557955092,0.0005030320535297506,0.9607815891504288,0.9312212467193604,0.9692339383240312,0.47438517957925797,0.7435580641031265,0.03996801572046457,0.04347959399665054,0.04172166530745261,0.0014022410614416003,0.002067348192213103,0.004249473859090358,0.0010060641070595011,0.023343230597674847,0.8991683423519135,0.03893563989549875,0.0021208254620432854,0.03139856876805425,0.8306627571582794,0.00047808124218136073,0.9616230607032776,0.9367727041244507,0.974159243702668,0.558877807855606,0.8122018337249756,0.01953033798029829,0.027860678935168397,0.024624240731225204,0.0010842598392628133,0.0017824707785621286,0.003524872800335288,0.0009561624843627215,0.023138300701975822,0.8949289321899414,0.038899869471788404,0.0017328800400719046,0.028543306142091752,0.8308517575263977,26081745,26081745
4,36,5.496542536574128e-05,1.2811353890127783e-09,64,xsigmoid,unet++,40,2.1863161623783666e-05,0.0004485372483031824,0.9684478590885798,0.933224822084109,0.9636303552423094,0.4221648871898651,0.7220281759897867,0.03932226078908884,0.043602921250124986,0.04174117275172317,0.0005880040116608143,0.9550340324640274,0.9294100254774094,0.9731801916408418,0.5278396904468536,0.7962054163217545,0.03752576444606385,0.04325881582168817,0.04077612423798517,0.0009636816830607131,0.0019071276183240116,0.0071962918154895306,0.0011760080233216286,0.025548534002155066,0.8672347515821457,0.04001967329531908,0.0022223026026040316,0.03208018094301224,0.8283398598432541,0.0005782913998700678,0.9540227293968201,0.9367727041244507,0.9819216810337821,0.676171851158142,0.896583902835846,0.01953033798029829,0.027860678935168397,0.025664361380282087,0.0013717663357965648,0.0017824707785621286,0.006826867442578077,0.0011565827997401356,0.025533617287874222,0.8589351654052735,0.038899869471788404,0.0017328800400719046,0.028543306142091752,0.8308517575263977,26081745,26081745
5,52,0.003782363665301455,1.8085214166819825e-08,79,xtanh,deeplabv3,14,0.0036315632473196487,0.0016050667385570706,0.8758112192153931,0.9332247674465179,1.0655816065427788,1.5155267000198365,1.2430249333381653,0.040059008730964685,0.044574644884190426,0.0358589986157011,0.0014729139511473477,0.8800539821386337,0.9289447516202927,1.0555812866247436,1.3431861400604248,1.157416045665741,0.03969817870747201,0.04584548824565014,0.034027534705952,0.0033093864331021905,0.0022799812722951174,0.1251138225197792,0.0029458279022946954,0.036870538257062435,0.6214084029197693,0.039487783797085285,0.0022059246548451483,0.03189910342916846,0.8304840922355652,0.0014209551271051168,0.8805429816246033,0.9367727041244507,1.063991769828528,1.657049036026001,1.2767485618591308,0.01953033798029829,0.027860678935168397,0.01392811549704249,0.0034223103430122137,0.0017824707785621286,0.11834786981344222,0.0028419102542102336,0.03636791557073593,0.6135124325752258,0.038899869471788404,0.0017328800400719046,0.028543306142091752,0.8308517575263977,26010241,26010241
6,65,3.411634678530076e-05,1.0618988934365154e-07,85,smooth,unet,41,2.131451246844766e-05,0.0013583965547796753,0.9004791180292765,0.9334587189886305,1.0366657850553906,1.2869254218207464,1.070398535993364,0.03929139349880255,0.04375150693295741,0.041727479143107066,0.000868231407366693,0.9346770346164703,0.9289053082466125,0.9938138907172769,0.7936306744813919,0.9929415285587311,0.034190736582790045,0.04076479783061492,0.03585505499199526,0.0021064033498987556,0.002423936064587906,0.019004860427230597,0.001736462814733386,0.03155165817588568,0.7853195816278458,0.03972646780312061,0.002204656950198114,0.03184017399325967,0.8288892358541489,0.0025941537343896924,0.8420825123786926,0.9367727041244507,1.1382847346956413,3.105578827857971,1.3966842412948608,0.01953033798029829,0.027860678935168397,0.03273696603173577,0.0025013579055666924,0.0017824707785621286,0.02555905785411596,0.005188307468779385,0.03958343043923378,0.7493766188621521,0.038899869471788404,0.0017328800400719046,0.028543306142091752,0.8308517575263977,24439505,24439505
7,82,2.1188662024536117e-06,9.512306385158258e-12,79,xsigmoid,pspnet,38,1.2740123930541662e-06,0.005373019305989146,0.6803340137004852,0.9331910789012909,1.3726534937916481,5.0607493877410885,2.5715788125991823,0.039648263775037336,0.0444812693029495,0.06197497168659807,0.002200655813794583,0.831752821803093,0.9288763552904129,1.1168484689271252,1.9797374606132507,1.4816478490829468,0.039076281197752014,0.044109123931031974,0.042007672080653036,0.00414440524764359,0.0019360329606570303,0.1335727646946907,0.004401311627589166,0.04771830141544342,0.5926787406206131,0.04025719314813614,0.0022454795835074037,0.03228870499879122,0.8291807919740677,0.0022221840685233475,0.8180711269378662,0.9367727041244507,1.146327437155684,2.614024019241333,1.7654873847961425,0.01953033798029829,0.027860678935168397,0.023156129739561347,0.004840195272117853,0.0017824707785621286,0.12592184394598008,0.004444368137046695,0.050196462869644166,0.5795803666114807,0.038899869471788404,0.0017328800400719046,0.028543306142091752,0.8308517575263977,21441121,21441121
8,102,1.3203155422763917e-05,3.4736313980954195e-08,100,huber,fpn,5,1.2675557332070272e-05,0.04405818460509181,0.3412516750395298,0.932803750038147,2.745203972303012,41.45824193954468,8.230761766433716,0.03977677734123048,0.04475859511526167,0.15796102453784122,0.01536522340029478,0.4924190863966942,0.9293049722909927,1.8925784485819408,14.051880836486816,4.3950115442276,0.038414016917208506,0.04291404048548261,0.08110714249259263,0.029351651202887297,0.0023179184645414352,0.16312610730528831,0.03073044680058956,0.1403246484696865,0.334835447371006,0.03976736404001713,0.0022060509654693305,0.0319516034796834,0.8301178812980652,0.0148575309664011,0.4457495152950287,0.9367727041244507,2.183627056200275,17.276703453063966,4.792715358734131,0.01953033798029829,0.027860678935168397,0.0669557986219467,0.02363355681300163,0.0017824707785621286,0.16007465720176697,0.0297150619328022,0.13672971427440644,0.32159414887428284,0.038899869471788404,0.0017328800400719046,0.028543306142091752,0.8308517575263977,23158529,23158529
9,106,1.650832310735741e-05,3.1419048532950127e-09,18,xsigmoid,unet++,47,3.119165609586965e-06,0.0005611935276133211,0.9620158970355988,0.9329515501208927,0.9697840400325063,0.531703844666481,0.805787646252176,0.03979961266378977,0.04403965473735114,0.041703315667257455,0.0005487031376105733,0.9575508087873459,0.9305827468633652,0.9718396171992245,0.504627451300621,0.7842973321676254,0.03931308390514868,0.04429509289436182,0.04168888989171587,0.001305148412939161,0.002308200899278745,0.008536425651982427,0.0010974062752211466,0.024943028576672077,0.8641574531793594,0.039710274897515774,0.0021739182993769646,0.031792301684617996,0.8295518308877945,0.00054716783342883,0.9561764240264893,0.9367727041244507,0.9797150366277,0.6397873044013977,0.8818358063697815,0.01953033798029829,0.027860678935168397,0.025289968343070558,0.0012539682094939053,0.0017824707785621286,0.007110818196088076,0.00109433566685766,0.02511432208120823,0.8622015833854675,0.038899869471788404,0.0017328800400719046,0.028543306142091752,0.8308517575263977,26081745,26081745
10,130,0.0023271633103866627,6.954337307874238e-07,8,huber,linknet,7,2.7879473430623415e-06,0.0005655341795238766,0.96576187332857,0.9319150644598655,0.9649515789518326,0.5389705933992145,0.7933808952859305,0.03998968753251102,0.04451819787195043,0.04138852183148168,0.000440777133917436,0.9667457789182663,0.9306951612234116,0.9627181762109409,0.397119402885437,0.6725972443819046,0.04229079985506383,0.04722240508914408,0.043168363078894566,0.001084857591195032,0.0023732707486487925,0.00386512657860294,0.000881554267834872,0.021523715928196907,0.9149123728275299,0.039756723679602146,0.0022136099287308753,0.03200400387868285,0.828926682472229,0.00046642524539493025,0.9641911625862122,0.9367727041244507,0.9715704461287666,0.5477132439613343,0.7783976793289185,0.01953033798029829,0.027860678935168397,0.023241485022295325,0.001193071878515184,0.0017824707785621286,0.004224284226074815,0.0009328504907898605,0.02216925732791424,0.9084264039993286,0.038899869471788404,0.0017328800400719046,0.028543306142091752,0.8308517575263977,21775073,21775073
11,139,0.0027212189435193127,1.9427712647997994e-11,9,huber,manet,7,0.00010076552753632126,0.0005185505585319808,0.9661046901474828,0.9325126357700514,0.9652261854755623,0.489057712904785,0.749466329165127,0.03977341790682791,0.04411213956034777,0.041309801019512433,0.0004275481987860985,0.9669936746358871,0.9293454885482788,0.9610503400586706,0.38939180225133896,0.6581215113401413,0.036839321915802345,0.0407983627403804,0.037972342826720545,0.0009632587025407702,0.0022092074214015156,0.0035472976160235703,0.000855096397572197,0.02106274990364909,0.9292876869440079,0.039461543783545494,0.0022128660057205707,0.032061769627034664,0.829407200217247,0.0004266383475624025,0.9668291568756103,0.9367727041244507,0.9689074916975736,0.4978871464729309,0.7430855631828308,0.01953033798029829,0.027860678935168397,0.022368557294423528,0.0011050561908632517,0.0017824707785621286,0.003572389204055071,0.000853276695124805,0.021181872859597207,0.9287578821182251,0.038899869471788404,0.0017328800400719046,0.028543306142091752,0.8308517575263977,31786769,31786769
12,150,0.0012511179308117792,5.101628716754301e-10,4,smooth,manet,14,0.00011746960592066734,0.0004734224226474222,0.968293953920908,0.9322669537746964,0.9627707433877529,0.45306412652494826,0.7208587569027132,0.04040792553399974,0.04506502667754073,0.04234549623514096,0.0004169712556176819,0.9679077714681625,0.9297954142093658,0.9606094320292722,0.38024866580963135,0.6573595553636551,0.03985108153088904,0.04473823069714345,0.041148869997044334,0.00098895987321157,0.0019724569574464113,0.0028952412540093064,0.0008339425112353638,0.020977730862796307,0.9374249428510666,0.03989257384091616,0.0021925113978795707,0.03191037708893418,0.8297822028398514,0.00041918022907339036,0.9671402454376221,0.9367727041244507,0.9685967383307442,0.4885073482990265,0.7361474633216858,0.01953033798029829,0.027860678935168397,0.02305699388112311,0.0010853076004423202,0.0017824707785621286,0.0030187856405973434,0.0008383604581467807,0.020988074690103532,0.9350107908248901,0.038899869471788404,0.0017328800400719046,0.028543306142091752,0.8308517575263977,31786769,31786769
13,163,0.0016567980870593865,4.1560327972433823e-11,12,smooth,manet,11,1.7170554328524475e-06,0.0004401868348435053,0.9685738095338794,0.9330708159916643,0.963334407649031,0.41500130511712335,0.6793370937955552,0.040978447106240434,0.04517138764151155,0.042529224188692004,0.00040180899668484926,0.9696008563041687,0.932531088590622,0.9617596589240341,0.3769759014248848,0.6515452563762665,0.041432624747188236,0.04519815883551138,0.04257783767093659,0.0009972321277018636,0.0023433543974533677,0.0026131352642551064,0.0008036179933696985,0.020675324369221926,0.9359320998191833,0.038968550972640514,0.002122970181517303,0.031707813031971455,0.8308099061250687,0.00041907108388841154,0.967371141910553,0.9367727041244507,0.968365587839164,0.4895216584205627,0.7364126205444336,0.01953033798029829,0.027860678935168397,0.02303174975548055,0.0010508382110856473,0.0017824707785621286,0.0034282261505723,0.0008381421677768231,0.020987678319215775,0.934009337425232,0.038899869471788404,0.0017328800400719046,0.028543306142091752,0.8308517575263977,31786769,31786769
14,173,0.0035102913641837713,6.565598163955489e-09,11,huber,manet,10,4.02094656485194e-06,0.0004509812868976345,0.9684504954020182,0.932850767771403,0.9632325810352804,0.4236301040649414,0.6875143512090047,0.04019413056933919,0.0446974442863304,0.041889859070643146,0.000411952736612875,0.9685411006212234,0.9283630400896072,0.9585209371043174,0.3746664896607399,0.6514840424060822,0.03953209700286249,0.04493088581624781,0.041199923056969706,0.0011866716959048063,0.0025846166536211967,0.003070905222557485,0.00082390547322575,0.02077267039567232,0.9381777346134186,0.03946859948337078,0.002207211742643267,0.0319325914606452,0.8297044187784195,0.0004274351114872843,0.9670666933059693,0.9367727041244507,0.9686708933323651,0.49978290796279906,0.7369557857513428,0.01953033798029829,0.027860678935168397,0.023061352450131672,0.0010966246947646141,0.0017824707785621286,0.003818505397066474,0.0008548702229745686,0.02100454829633236,0.93600492477417,0.038899869471788404,0.0017328800400719046,0.028543306142091752,0.8308517575263977,31786769,31786769
15,180,0.007249464480215844,1.988773982777754e-09,10,huber,manet,9,7.278760492916872e-06,0.00046180189409747674,0.9679603030882686,0.9329258627202137,0.9638005816813577,0.4378345807991832,0.7011877133185604,0.04035933530274241,0.04479883083150685,0.042196726395941776,0.0004077275953022763,0.9679297208786011,0.9278173893690109,0.958561620025029,0.36749202758073807,0.6409252434968948,0.04147613375413571,0.04522782121628055,0.04278532906726941,0.0009602443751646206,0.002523053321056068,0.003193784214090556,0.0008154551906045526,0.02062031254172325,0.9368731081485748,0.039148430339992046,0.0022212607436813414,0.03217706549912691,0.8305691778659821,0.0004246470227371901,0.967430031299591,0.9367727041244507,0.9683066969770422,0.4968674659729004,0.7371918439865113,0.01953033798029829,0.027860678935168397,0.022931603401031904,0.001114377425983548,0.0017824707785621286,0.003784895222634077,0.0008492940454743802,0.021006998792290687,0.9364522218704223,0.038899869471788404,0.0017328800400719046,0.028543306142091752,0.8308517575263977,31786769,31786769
16,188,3.9568951105745503e-05,9.380786688430808e-09,7,huber,manet,41,8.657244887699823e-08,0.0005328390676768938,0.9634215245812626,0.9320028954643315,0.9673728159677791,0.504893114001064,0.7674626000856949,0.03963060394462053,0.04433029081155956,0.041396756202500794,0.0004534558902378194,0.964834988117218,0.9308041036128998,0.9647172422764885,0.4200707972049713,0.7074178457260132,0.039513234002216485,0.043648294140767666,0.041054998487385176,0.0011168265918968245,0.002297692059073597,0.004097695753443986,0.0009069117804756388,0.02229975676164031,0.8974072933197021,0.04005832690745592,0.0021526069031096995,0.0315112080425024,0.8300355523824692,0.00047523872926831247,0.9620502829551697,0.9367727041244507,0.9737270699562746,0.554868745803833,0.8062576293945313,0.01953033798029829,0.027860678935168397,0.023603134998592616,0.0012073246645741165,0.0017824707785621286,0.0035709253046661616,0.0009504774585366249,0.022970153391361235,0.8950795531272888,0.038899869471788404,0.0017328800400719046,0.028543306142091752,0.8308517575263977,31786769,31786769
17,204,0.00880348236893105,1.6675451375070974e-08,14,huber,manet,12,0.0001537199299319726,0.0004831926440386007,0.9676353426302894,0.9327531497357255,0.9639464148112514,0.4564577235003649,0.7202807745691073,0.04085760592609037,0.04526037043212541,0.04265439748270665,0.000419949421484489,0.9678349792957306,0.9288107305765152,0.9596787534209246,0.371240071952343,0.6448693871498108,0.039505989899314906,0.04387533659001876,0.040719354859494114,0.0010512627341086045,0.0022205639688763767,0.003836470714304596,0.000839898842968978,0.020904912147670984,0.9321274757385254,0.0401665773242712,0.0022594851325266063,0.03241983149200678,0.8286468982696533,0.0004996785952243954,0.9612635493278503,0.9367727041244507,0.974675740525117,0.5959866166114807,0.7595648050308228,0.01953033798029829,0.027860678935168397,0.023203276368172807,0.0034205228090286254,0.0017824707785621286,0.005195798631757498,0.0009993571904487908,0.02162737920880318,0.9281465411186218,0.038899869471788404,0.0017328800400719046,0.028543306142091752,0.8308517575263977,31786769,31786769
18,212,0.009621485382501422,3.583170991476837e-08,18,huber,manet,12,0.0019704043510359705,0.00048456513689851147,0.9668325807737268,0.9330398194167925,0.9650420708694788,0.4546481578246407,0.7157606547293456,0.04062995291884958,0.044866153631309774,0.04226504019204802,0.0004290502329240553,0.9671009033918381,0.9288107305765152,0.9604073351245744,0.37929829955101013,0.6481926888227463,0.039505989899314906,0.04387533659001876,0.040889496944902896,0.0010250998311676085,0.0022205639688763767,0.004312987322919071,0.0008581004658481106,0.021014099940657616,0.9358150362968445,0.0401665773242712,0.0022594851325266063,0.03241983149200678,0.8286468982696533,0.0004156213835813105,0.967835807800293,0.9367727041244507,0.967899478068462,0.48477113246917725,0.7351500868797303,0.01953033798029829,0.027860678935168397,0.022659735194141783,0.0010903932503424584,0.0017824707785621286,0.00456077940762043,0.000831242767162621,0.02096080146729946,0.9369442105293274,0.038899869471788404,0.0017328800400719046,0.028543306142091752,0.8308517575263977,31786769,31786769
19,219,0.0035222665638179286,0.00020556191382345407,4,huber,manet,5,0.0015772543892183812,0.0006923806709619824,0.960019724668512,0.9320772425564015,0.9709612765218041,0.6596135497093201,0.879301050722887,0.040330478957804096,0.04511677497424643,0.041892864755288514,0.00041139481618301943,0.9681637287139893,0.9307080656290054,0.9613125183995307,0.38604431599378586,0.6623978614807129,0.037640373839854725,0.0427878237787877,0.03781026050965122,0.0010621728142723441,0.0023417731863446534,0.0039098626002669334,0.0008227896323660389,0.02099380036816001,0.9266403317451477,0.03988247271627188,0.0021470708888955414,0.031736113131046295,0.8308090716600418,0.00045099565177224575,0.9655555129051209,0.9367727041244507,0.9701870674038744,0.526673823595047,0.7638086438179016,0.01953033798029829,0.027860678935168397,0.02248363954309847,0.0012086760718375445,0.0017824707785621286,0.004070698004215956,0.0009019913035444915,0.021773506328463553,0.9282463192939758,0.038899869471788404,0.0017328800400719046,0.028543306142091752,0.8308517575263977,31786769,31786769
20,224,0.006340523062269397,0.0005890415129729809,27,huber,manet,13,0.003434299890178117,0.0004920624322645987,0.9668967147668203,0.9329146126906077,0.9648484229295139,0.4638185461362203,0.7222131172815959,0.040694912525703265,0.045301938950299964,0.04227349931821461,0.0004230839404044673,0.9676696360111237,0.9295202046632767,0.9605728466679232,0.3906540125608444,0.6654554456472397,0.0409311889775235,0.04549776819619477,0.04269519902272971,0.0011100692936452106,0.001959194749360904,0.003990161349065602,0.0008461678808089346,0.021149616222828627,0.9384612143039703,0.03970482666045427,0.0021662500803358853,0.031768778804689646,0.8293546438217163,0.00043844906031154096,0.9671016812324524,0.9367727041244507,0.9686371669465419,0.5134385406970978,0.7514154314994812,0.01953033798029829,0.027860678935168397,0.023438902703075533,0.0011261303443461657,0.0017824707785621286,0.005181662272661924,0.0008768981206230819,0.021410980448126792,0.9384183526039124,0.038899869471788404,0.0017328800400719046,0.028543306142091752,0.8308517575263977,31786769,31786769
21,234,2.2026399483331386e-05,3.687344613379582e-05,30,huber,manet,16,1.0206221698267661e-05,0.001255750664751287,0.9079502820968628,0.9330901282804983,1.027795218478808,1.1865590280956693,1.1070658476264388,0.03940749615731434,0.04414649367298268,0.04233148749532877,0.0009004804596770555,0.9285148978233337,0.9275031387805939,0.998936699418786,0.8009877651929855,0.9919264912605286,0.03881809845595274,0.043552673368974115,0.04090981565523291,0.0019654353382065892,0.0023164867889136076,0.017471992876380682,0.001800960919354111,0.03201480722054839,0.7683603465557098,0.03979712910950184,0.002259052183944732,0.03230134956538677,0.829538956284523,0.0013670599553734064,0.896590793132782,0.9367727041244507,1.0478225461584583,1.5117697715759277,1.2181772947311402,0.01953033798029829,0.027860678935168397,0.029614959625661037,0.0019949970301240683,0.0017824707785621286,0.022089585103094576,0.0027341199107468127,0.03490972630679608,0.7454075217247009,0.038899869471788404,0.0017328800400719046,0.028543306142091752,0.8308517575263977,31786769,31786769
22,244,0.00013179002944928894,3.8711560860474376e-08,9,xtanh,unet,13,4.928999539393259e-05,0.0006412472376604969,0.9620558489923892,0.932371828219165,0.9691401897622333,0.6139106672743092,0.8577587215796761,0.039109528940241736,0.04367342728464794,0.040636293691185627,0.00047610982437618077,0.9636415988206863,0.9287132024765015,0.9637459908831072,0.4224597215652466,0.7019140124320984,0.03739885146315665,0.04214272928447513,0.03908629115104848,0.001064273397787474,0.00237931523588486,0.003024742880370468,0.0009522196487523615,0.022667699959129095,0.9144870340824127,0.040199048817157745,0.0022620283416472375,0.032317861914634705,0.8284101784229279,0.0013787285191938282,0.8931295275688171,0.9367727041244507,1.054028666010372,1.6958028614521026,1.0092683553695678,0.01953033798029829,0.027860678935168397,0.029022017266700784,0.01168608816806227,0.0017824707785621286,0.01121711996383965,0.0027574570383876564,0.02856670506298542,0.8866053223609924,0.038899869471788404,0.0017328800400719046,0.028543306142091752,0.8308517575263977,24439505,24439505
23,256,6.182855567347146e-05,1.1335044655401979e-07,4,huber,manet,20,1.8656788441376588e-05,0.0005366156792441374,0.9644561343722873,0.9319561665184832,0.966291089747184,0.5152492764347417,0.776702642728741,0.0396419102583877,0.04425828023513533,0.04156036266160231,0.0004713229718618095,0.9635136872529984,0.9312719404697418,0.9665369710957913,0.4402887001633644,0.7294882982969284,0.03835902456739385,0.04398654838862409,0.04011375841411799,0.0011024900013580918,0.0022524210799019784,0.005636382149532437,0.000942645943723619,0.02305676694959402,0.8857995718717575,0.04026797041296959,0.002140891388989985,0.03160698199644685,0.8295412957668304,0.0005150781595148146,0.9590280532836915,0.9367727041244507,0.9767937275386214,0.6013701379299163,0.8373123288154602,0.01953033798029829,0.027860678935168397,0.023833356785860998,0.001325871399603784,0.0017824707785621286,0.005133290775120258,0.0010301563190296293,0.02386576645076275,0.8798735022544861,0.038899869471788404,0.0017328800400719046,0.028543306142091752,0.8308517575263977,31786769,31786769
24,267,6.9601939934364545e-06,1.871626476249031e-10,33,huber,manet,25,8.884379811564417e-07,0.0022221431415528057,0.8336355090141296,0.932795352935791,1.1191695368626549,2.104172420501709,1.49211594581604,0.040065274656465207,0.04437556010443952,0.045376197307163156,0.0020378759072627872,0.8463199883699417,0.9307837188243866,1.1033560038986228,1.9878608882427216,1.4690283238887787,0.04096311331264619,0.045274604174458874,0.04603948107829198,0.004201854579150677,0.002315648423973471,0.06379808951169252,0.0040757518145255744,0.04582523833960295,0.59074667096138,0.039438736625015736,0.002129728178260848,0.03135045571252704,0.8312417715787888,0.002382437139749527,0.8186304450035096,0.9367727041244507,1.1491740527609067,2.7941227912902833,1.6680073976516723,0.01953033798029829,0.027860678935168397,0.03548468259224078,0.003501840401440859,0.0017824707785621286,0.06153297871351242,0.004764874279499054,0.047449986636638644,0.5810861706733703,0.038899869471788404,0.0017328800400719046,0.028543306142091752,0.8308517575263977,31786769,31786769
25,277,2.512560752613976e-05,6.189834864623898e-12,36,huber,manet,59,5.819682384471227e-06,0.0006486060801367073,0.9545882992122484,0.9327297210693359,0.9771055666927803,0.6110201270683951,0.8486812736677087,0.040865645622101605,0.045135293896609786,0.04217709351643456,0.0005522219144040719,0.9576424658298492,0.932453453540802,0.9736950936018609,0.5309925451874733,0.7975894212722778,0.037571397116444374,0.04228747543675043,0.039588521637392585,0.001306468853726983,0.002326057670870796,0.005052140797488391,0.0011044438288081437,0.02483539469540119,0.8689586818218231,0.03977880720049143,0.002090565743856132,0.03116126311942935,0.8308728039264679,0.0005667923833243549,0.954822552204132,0.9367727041244507,0.9810914710121439,0.6595072031021119,0.8813806295394897,0.01953033798029829,0.027860678935168397,0.024347391804428548,0.0013924879021942616,0.0017824707785621286,0.005095027666538954,0.0011335847666487098,0.025131599605083467,0.865221381187439,0.038899869471788404,0.0017328800400719046,0.028543306142091752,0.8308517575263977,31786769,31786769
26,299,4.433296923395075e-05,1.5006836726617576e-05,28,huber,manet,29,2.7673526055216732e-05,0.0006458382222576645,0.9540103591721634,0.9333717905241867,0.9783655227608221,0.6133171802964704,0.8533216344899145,0.04091370468679288,0.045174878926937924,0.042444003046724375,0.000578331237193197,0.9548564255237579,0.9297577738761902,0.9737315255419076,0.5270594730973244,0.7940921485424042,0.038076348772761476,0.04261486583379219,0.03947388661516581,0.0013245149748399854,0.002001012268010527,0.005454839789308608,0.001156662474386394,0.025289508514106274,0.8634808957576752,0.03947459440678358,0.0021962698665447533,0.03187128808349371,0.828935906291008,0.00114260496920906,0.9212233901023865,0.9367727041244507,1.0230509134125125,1.4335689306259156,1.0173771619796752,0.01953033798029829,0.027860678935168397,0.027751394045881526,0.008445396670140326,0.0017824707785621286,0.009328499715775252,0.00228520993841812,0.028828900307416916,0.8473664283752441,0.038899869471788404,0.0017328800400719046,0.028543306142091752,0.8308517575263977,31786769,31786769
27,313,0.00025129396695402654,3.383077797724699e-07,6,huber,manet,11,2.805319861508526e-07,0.00047453604191474187,0.9668409491794697,0.9323230783144633,0.964277842440857,0.4490544492567795,0.7155406794686249,0.04082523102662275,0.04506997476926143,0.042282135294805685,0.0004272070582373999,0.9675042033195496,0.932531088590622,0.9638450503466199,0.40098079293966293,0.6767532080411911,0.041432624747188236,0.04519815883551138,0.04265610897131697,0.0010790223022922873,0.0023433543974533677,0.0033310959115624428,0.0008544141164747998,0.021474057342857122,0.9167589247226715,0.038968550972640514,0.002122970181517303,0.031707813031971455,0.8308099061250687,0.00043963768403045835,0.9651995062828064,0.9367727041244507,0.9705438721569019,0.5125387728214263,0.7650325417518615,0.01953033798029829,0.027860678935168397,0.023225547476540365,0.0011696342378854751,0.0017824707785621286,0.0029085476882755755,0.0008792753680609167,0.02180909626185894,0.9159610033035278,0.038899869471788404,0.0017328800400719046,0.028543306142091752,0.8308517575263977,31786769,31786769
28,320,2.600928038241596e-06,1.5081494840200393e-06,4,huber,manet,14,2.442055893819807e-07,0.007000514663809883,0.6032376646419654,0.9322669537746964,1.549021141180435,6.968019442857751,2.9616055407961785,0.04040792553399974,0.04506502667754073,0.07339579781294517,0.00989663484506309,0.48862893879413605,0.9297954142093658,1.9219463876380003,9.08781099319458,3.236120641231537,0.03985108153088904,0.04473823069714345,0.07737683867006206,0.03114112513139844,0.0019724569574464113,0.18275314196944237,0.01979326969012618,0.10310613363981247,0.20838723331689835,0.03989257384091616,0.0021925113978795707,0.03191037708893418,0.8297822028398514,0.012849128991365432,0.41677274107933043,0.9367727041244507,2.259068781709537,14.836033248901368,4.00860366821289,0.01953033798029829,0.027860678935168397,0.08402644234972806,0.0203345762565732,0.0017824707785621286,0.18717786967754363,0.025698257982730864,0.1144212692975998,0.19742555618286134,0.038899869471788404,0.0017328800400719046,0.028543306142091752,0.8308517575263977,31786769,31786769
29,328,2.9459699201672128e-06,1.7641604034916916e-10,38,huber,manet,29,4.5828465698929615e-07,0.004953034443869477,0.6399775260970706,0.9331224333672297,1.4585329818144335,4.6824536210014704,2.2767207622528076,0.0405742272677415,0.0451435642966077,0.053569171989292286,0.004511221311986446,0.6609134823083878,0.9297577738761902,1.414136905379904,4.1217299699783325,2.205846667289734,0.038076348772761476,0.04261486583379219,0.05088657079610954,0.008762719575315714,0.002001012268010527,0.13369480893015862,0.009022442623972893,0.07027306780219078,0.3626434728503227,0.03947459440678358,0.0021962698665447533,0.03187128808349371,0.828935906291008,0.003437402006238699,0.7064927697181702,0.9367727041244507,1.32800269469341,4.015627431869507,2.2620813846588135,0.01953033798029829,0.027860678935168397,0.04153318347955892,0.007827880326658487,0.0017824707785621286,0.12229760885238647,0.006874804012477398,0.06443011462688446,0.37669252753257754,0.038899869471788404,0.0017328800400719046,0.028543306142091752,0.8308517575263977,31786769,31786769
30,342,7.8592735741149e-06,2.0745783986571313e-11,25,xtanh,manet,46,3.156713342901501e-07,0.001360986462907132,0.8988151514168942,0.9334802573377435,1.0386788740905348,1.2917126489408088,1.1439258871656475,0.040975601063690886,0.04524267607707666,0.043839439963767685,0.001165965077234432,0.9096848517656326,0.9306535571813583,1.0236017339250618,1.093075767159462,1.0989964306354523,0.042548940804656515,0.047154265954099744,0.044345840664119486,0.0019914421427529305,0.0019744701858144253,0.023733945563435555,0.002331930154468864,0.03463299199938774,0.7352274060249329,0.03918273560702801,0.0021473473170772195,0.031533544417470694,0.8306124955415726,0.0009207174531184137,0.9270136594772339,0.9367727041244507,1.0105528899222072,1.0789966702461242,1.1512311697006226,0.01953033798029829,0.027860678935168397,0.026975962860058496,0.0022624765057116746,0.0017824707785621286,0.017103257402777673,0.0018414349062368274,0.032780854403972624,0.7507955193519592,0.038899869471788404,0.0017328800400719046,0.028543306142091752,0.8308517575263977,31786769,31786769
31,358,0.005353882331396295,1.1439355390417099e-07,13,huber,manet,12,8.468825737672277e-06,0.0004845742858754146,0.9683347334937443,0.9327354610912384,0.9632322925424824,0.4595887329843309,0.7260203730492365,0.040572539573456655,0.04492196128523047,0.042333505054607506,0.0004456345704966225,0.9659095853567123,0.9288107305765152,0.9616094577292408,0.3940529078245163,0.6580521315336227,0.039505989899314906,0.04387533659001876,0.04183924068243602,0.001004343037493527,0.0022205639688763767,0.0034620408550836146,0.000891269140993245,0.021329218987375498,0.9349045008420944,0.0401665773242712,0.0022594851325266063,0.03241983149200678,0.8286468982696533,0.00042171995155513284,0.967303454875946,0.9367727041244507,0.9684342024716951,0.4930101275444031,0.7348043322563171,0.01953033798029829,0.027860678935168397,0.023010105207501408,0.0011069898726418614,0.0017824707785621286,0.003730323584750295,0.0008434399031102657,0.020939335227012634,0.9371809601783753,0.038899869471788404,0.0017328800400719046,0.028543306142091752,0.8308517575263977,31786769,31786769
32,366,0.001977649125108689,5.205189166368873e-09,6,huber,pspnet,4,0.0001566515241974141,0.001861816233334442,0.8555042704810267,0.9320859481459078,1.0900613528374337,1.819532504980115,1.399946031363114,0.040306680979435405,0.044996286988149246,0.039163108817258145,0.0014246905338950455,0.8834339082241058,0.9310242533683777,1.053933246899954,1.3335352838039398,1.1442084610462189,0.03658240203172826,0.04116975897086307,0.032990303361680476,0.0031972629367373884,0.002412599162198603,0.12564966827630997,0.002849381067790091,0.0361939612776041,0.623443216085434,0.03983927797526121,0.0021411729976534843,0.031652046367526054,0.8300281018018723,0.0014050337951630354,0.8816518425941468,0.9367727041244507,1.0626606754524675,1.6394970178604127,1.2832401275634766,0.01953033798029829,0.027860678935168397,0.014412301238845002,0.0032305278815329074,0.0017824707785621286,0.11926507502794266,0.002810067590326071,0.03655451908707619,0.6162725329399109,0.038899869471788404,0.0017328800400719046,0.028543306142091752,0.8308517575263977,21441121,21441121
33,372,0.000934808082789636,2.8044782053179925e-08,4,huber,manet,11,1.1305115807055101e-06,0.0004505146596274802,0.968899985442415,0.93162852410533,0.9615107592226788,0.42764611347861914,0.6950810885659738,0.040321828888493984,0.04459295116895658,0.042021761903569974,0.0004012123026768677,0.9696503132581711,0.932531088590622,0.9617105067375977,0.3765314146876335,0.6525644809007645,0.041432624747188236,0.04519815883551138,0.04312775009496366,0.0009306597348768264,0.0023433543974533677,0.0026303050108253956,0.0008024246053537354,0.020706293173134327,0.9364018589258194,0.038968550972640514,0.002122970181517303,0.031707813031971455,0.8308099061250687,0.00042344515677541497,0.967276132106781,0.9367727041244507,0.9684612222128998,0.4947972476482391,0.7358509778976441,0.01953033798029829,0.027860678935168397,0.023170159443922186,0.0010799837531521917,0.0017824707785621286,0.0029182851314544676,0.0008468903135508299,0.020971483364701272,0.9351704001426697,0.038899869471788404,0.0017328800400719046,0.028543306142091752,0.8308517575263977,31786769,31786769
34,382,6.714521531891094e-05,1.3316539384791522e-11,30,huber,manet,41,4.0983252743699596e-05,0.0005531857206261959,0.9607865413029989,0.9331897673783479,0.9712778452195195,0.5212513947928393,0.7792998331564444,0.040266858665442794,0.04478086570218121,0.041765149880999664,0.0004616346923285164,0.9642132669687271,0.9308041036128998,0.9653391201440846,0.4276511147618294,0.716770812869072,0.039513234002216485,0.043648294140767666,0.04042990082808433,0.0010592759645078331,0.002297692059073597,0.003645856922958046,0.0009232693846570328,0.022597757633775473,0.9012919217348099,0.04005832690745592,0.0021526069031096995,0.0315112080425024,0.8300355523824692,0.0004977770848199725,0.9607362389564514,0.9367727041244507,0.9750574624561862,0.5822602033615112,0.8229512572288513,0.01953033798029829,0.027860678935168397,0.023484997731088166,0.0012584477197378873,0.0017824707785621286,0.003522486425936222,0.000995554169639945,0.023448965698480605,0.8960843682289124,0.038899869471788404,0.0017328800400719046,0.028543306142091752,0.8308517575263977,31786769,31786769
35,400,0.004331385103312165,1.4528039214138621e-12,6,huber,manet,5,4.488916532139702e-06,0.0005257715578857418,0.9665531680203866,0.9322074915187947,0.9644507806865141,0.49763442554335663,0.7590755345164866,0.03976062453866703,0.044726402043907244,0.04180351638433288,0.0004061104846186936,0.9686846137046814,0.9307080656290054,0.960793723808192,0.3801656663417816,0.6610902100801468,0.037640373839854725,0.0427878237787877,0.039365503292644044,0.0010175578790949658,0.0023417731863446534,0.0034345939639024436,0.0008122209692373872,0.0209616981446743,0.931083932518959,0.03988247271627188,0.0021470708888955414,0.031736113131046295,0.8308090716600418,0.0004236524750012904,0.9665314555168152,0.9367727041244507,0.9692067532122876,0.49392414689064024,0.7418466925621032,0.01953033798029829,0.027860678935168397,0.022832775784726936,0.0010800656629726291,0.0017824707785621286,0.0034929322544485332,0.0008473049500025808,0.021143628656864165,0.930806291103363,0.038899869471788404,0.0017328800400719046,0.028543306142091752,0.8308517575263977,31786769,31786769
36,408,6.085439904668201e-06,1.436939444415393e-07,6,huber,manet,26,1.4411116270435445e-06,0.00138423820253988,0.9112561198248379,0.9324035877766816,1.0233252632378556,1.337493346221205,1.2889870893264161,0.03980488751818254,0.04457427103440739,0.04274495325316184,0.0013454014551825821,0.8948512375354767,0.9303120076656342,1.039729150863681,1.2274195849895477,1.2171747982501984,0.040175687305487276,0.044917875567294874,0.04207926241722334,0.003498217847663909,0.0018684865499380976,0.04139597248286009,0.0026908029103651643,0.039004623889923096,0.6525414884090424,0.03975902125239372,0.002223988820333034,0.032168340403586626,0.8301360160112381,0.002074213291052729,0.8372595548629761,0.9367727041244507,1.1352229330165704,2.4548879146575926,1.5319231510162354,0.01953033798029829,0.027860678935168397,0.034380264542262826,0.0031046381685882808,0.0017824707785621286,0.043253152072429656,0.004148426582105458,0.04351878240704536,0.635184907913208,0.038899869471788404,0.0017328800400719046,0.028543306142091752,0.8308517575263977,31786769,31786769
37,425,0.00014521292123465825,8.759707267745266e-08,9,huber,manet,14,3.3634732168276714e-05,0.0005287471680987991,0.9636624636857406,0.932796835899353,0.9679775755396633,0.5055023522480674,0.7639698917451112,0.04082046225561185,0.0452789230463252,0.04209582708829458,0.00045423093251883984,0.9650551378726959,0.9297954142093658,0.9634487638585139,0.4141049236059189,0.6923277676105499,0.03985108153088904,0.04473823069714345,0.041678392212888285,0.000977509786025621,0.0019724569574464113,0.003417290630750358,0.0009084618650376797,0.02209178078919649,0.9166683703660965,0.03989257384091616,0.0021925113978795707,0.03191037708893418,0.8297822028398514,0.000460184778785333,0.9632701396942138,0.9367727041244507,0.9724934637562859,0.5380773663520813,0.7845106482505798,0.01953033798029829,0.027860678935168397,0.023372935588024783,0.0011699216905981303,0.0017824707785621286,0.0036128188017755746,0.000920369557570666,0.02234710901975632,0.9094369769096374,0.038899869471788404,0.0017328800400719046,0.028543306142091752,0.8308517575263977,31786769,31786769
38,436,0.000590232684948358,4.218004114180093e-07,97,huber,manet,30,0.000501562754469164,0.0004625008259608876,0.9665928855538368,0.9332674667239189,0.9655181391839854,0.435309037566185,0.7026141658425331,0.03930443229856795,0.0438841536346504,0.0404811236901196,0.0004405170475365594,0.9661963880062103,0.929401159286499,0.9619082237613029,0.4011461213231087,0.6827382743358612,0.03921276166989632,0.04419075897841473,0.04095126674494513,0.0010338729771319777,0.00231588922906667,0.0030020950944162905,0.0008810340950731188,0.02165922662243247,0.9263797998428345,0.04006362892687321,0.0021892815711908042,0.03173790127038956,0.8310081213712692,0.0004507917503360659,0.9646630167961121,0.9367727041244507,0.9710866233213651,0.5266558766365051,0.7739516377449036,0.01953033798029829,0.027860678935168397,0.02316887795783004,0.0011027605389244855,0.0017824707785621286,0.0035905188880860804,0.0009015835006721318,0.022053733840584754,0.9237168192863464,0.038899869471788404,0.0017328800400719046,0.028543306142091752,0.8308517575263977,31786769,31786769
39,452,0.005473616025655857,1.304529468327205e-06,11,huber,manet,8,0.0005263425908687112,0.00047255306349446377,0.9678587126731872,0.9329038405418396,0.9638789885030047,0.4470089960098267,0.711825278600057,0.04059872003914374,0.04514295675986246,0.042301672826181344,0.0004049834460602142,0.9692322164773941,0.9313416481018066,0.9609044276329687,0.37968097627162933,0.6531097441911697,0.03951946249562914,0.044324614445893244,0.04061050219070636,0.0009457576234126464,0.0021158901508897543,0.002882838773075491,0.0008099668921204284,0.02063618879765272,0.9394385814666748,0.03942365851253271,0.0021303444518707693,0.03159527201205492,0.8295251280069351,0.00041331957327201964,0.9681003332138062,0.9367727041244507,0.9676354065386918,0.4824576795101166,0.7294610977172852,0.01953033798029829,0.027860678935168397,0.02287623005445808,0.0010926944436505438,0.0017824707785621286,0.0033510223496705295,0.0008266391465440393,0.020795485749840737,0.9392340183258057,0.038899869471788404,0.0017328800400719046,0.028543306142091752,0.8308517575263977,31786769,31786769
40,458,0.0034969880821812556,2.7605464630575146e-11,11,huber,unet++,10,4.005708004709879e-06,0.00043914977267074087,0.9695364427566528,0.9327972841262817,0.9621004341060861,0.4158537153402964,0.6860044773419698,0.04049611242883564,0.04471710167869895,0.04220752987733508,0.00040809014899423346,0.9685551524162292,0.927597388625145,0.957708466528428,0.3646799325942993,0.6426793932914734,0.04018787087351105,0.04421152288826839,0.0419374137315985,0.0009531250689178705,0.0024969803635030985,0.0027044705348089337,0.0008161802979884669,0.02076904894784093,0.9425448030233383,0.03978964500129223,0.002262414840515703,0.03240399621427059,0.8295901566743851,0.00040538421599194406,0.9685728430747986,0.9367727041244507,0.9671627020390163,0.472987300157547,0.7240116477012635,0.01953033798029829,0.027860678935168397,0.02309246590308775,0.0010477970819920302,0.0017824707785621286,0.0029381442349404097,0.0008107684319838881,0.02063995935022831,0.9427410006523133,0.038899869471788404,0.0017328800400719046,0.028543306142091752,0.8308517575263977,26081745,26081745
41,465,5.767215306711757e-05,2.4038735334160535e-11,11,huber,unet++,30,4.107456996103387e-06,0.00046463130274787545,0.9693722049395244,0.9329021509488423,0.9623706811425249,0.4414086107412974,0.7248800778388977,0.040656497326917354,0.0452284685033157,0.042425642437899834,0.00046754574577789754,0.9641258716583252,0.9319056421518326,0.9665864051306371,0.44324759393930435,0.7184054404497147,0.038240000166142506,0.04366293786581581,0.04178303545514953,0.0010468317195773125,0.0019912993884645402,0.0034120805212296546,0.0009350914915557951,0.02261545928195119,0.9118590354919434,0.03917174506932497,0.002112770453095436,0.03148014051839709,0.830196887254715,0.00044285561889410017,0.9648210406303406,0.9367727041244507,0.9709268550412128,0.5171920955181122,0.7755341172218323,0.01953033798029829,0.027860678935168397,0.024399551726409962,0.0009994830354116857,0.0017824707785621286,0.0034221050795167685,0.0008857112377882003,0.02209630236029625,0.9096882820129395,0.038899869471788404,0.0017328800400719046,0.028543306142091752,0.8308517575263977,26081745,26081745
42,477,0.00042961285561957774,0.00035408079720865667,11,huber,unet++,10,4.921102429403173e-07,0.0004524267476517707,0.9697864000002543,0.9327972841262817,0.9618490646233967,0.4284065520763397,0.705488789876302,0.04049611242883564,0.04471710167869895,0.042182754046068985,0.0004327501665102318,0.966744601726532,0.927597388625145,0.9595037710650811,0.38726429641246796,0.6662015169858932,0.04018787087351105,0.04421152288826839,0.04208505100868484,0.0009442350710742176,0.0024969803635030985,0.0026184242451563478,0.0008655003330204636,0.02152395248413086,0.9344950914382935,0.03978964500129223,0.002262414840515703,0.03240399621427059,0.8295901566743851,0.0004149220651015639,0.9675511717796326,0.9367727041244507,0.9681832057834026,0.483955055475235,0.7397197127342224,0.01953033798029829,0.027860678935168397,0.02337956102599766,0.0010555941378697753,0.0017824707785621286,0.0024588115513324736,0.0008298441302031278,0.021084886416792868,0.933465325832367,0.038899869471788404,0.0017328800400719046,0.028543306142091752,0.8308517575263977,26081745,26081745
43,480,2.3934738020017496e-06,1.6217359067480093e-10,13,huber,unet++,48,2.5987059072877294e-07,0.001403324814173319,0.9003465932513041,0.932769603199429,1.0360329083386624,1.3344084289338853,1.31663431629302,0.04057950995596074,0.044968571805700325,0.04582400761119467,0.001507708802819252,0.8881558328866959,0.9291975200176239,1.0462164768122664,1.3714735805988312,1.3321408331394196,0.03788423437814845,0.04305090321701756,0.04400096091045215,0.0030469424091279507,0.002259697444969788,0.06469635851681232,0.003015417605638504,0.04261159524321556,0.5968265682458878,0.03922230750322342,0.0022123027592897415,0.03200637781992555,0.8295062929391861,0.0015115547925233842,0.8849462032318115,0.9367727041244507,1.0588941233121623,1.7746145725250244,1.5021726846694947,0.01953033798029829,0.027860678935168397,0.03430973810579123,0.003097499255090952,0.0017824707785621286,0.06127241924405098,0.0030231095850467684,0.0427581638097763,0.5998416304588318,0.038899869471788404,0.0017328800400719046,0.028543306142091752,0.8308517575263977,26081745,26081745
44,493,1.8836165759354858e-06,1.000924628194254e-10,28,huber,manet,14,9.635640265186988e-07,0.013093497764704556,0.3449470164446995,0.9334196982712581,2.713388622545887,12.403054303136365,3.9715786884570945,0.04077221354669934,0.0451648933481129,0.08917118846993886,0.018006948055699468,0.3095584288239479,0.9297954142093658,3.0627034004947973,16.504289627075195,4.3753902316093445,0.03985108153088904,0.04473823069714345,0.10373448661602037,0.07729147328063846,0.0019724569574464113,0.20768103003501892,0.036013896111398935,0.1394964586943388,0.12243489362299442,0.03989257384091616,0.0021925113978795707,0.03191037708893418,0.8297822028398514,0.016283821687102316,0.3120444893836975,0.9367727041244507,3.0357068855079055,18.940445137023925,4.719956970214843,0.01953033798029829,0.027860678935168397,0.09249931004631469,0.020310281589627267,0.0017824707785621286,0.20294050574302674,0.03256764337420463,0.1343890756368637,0.12304427623748779,0.038899869471788404,0.0017328800400719046,0.028543306142091752,0.8308517575263977,31786769,31786769
45,500,1.4308961339250785e-06,1.1698700522607118e-12,10,huber,manet,14,6.338939582904534e-07,0.014037532518696353,0.35325169276042157,0.9328896877277328,2.656855119839862,13.520434011895972,4.214061418211604,0.04036430710789467,0.044945121423733164,0.0967535162110086,0.022435938008129597,0.25913775339722633,0.9297954142093658,3.622549011416103,20.839508771896362,4.9487186670303345,0.03985108153088904,0.04473823069714345,0.11556439065669911,0.08985487371683121,0.0019724569574464113,0.2285619117319584,0.04487187601625919,0.15739215910434723,0.09098594821989536,0.03989257384091616,0.0021925113978795707,0.03191037708893418,0.8297822028398514,0.026260968670248984,0.24115422368049622,0.9367727041244507,4.122241100852704,30.574300003051757,5.934158992767334,0.01953033798029829,0.027860678935168397,0.1165123979076081,0.03939268924295902,0.0017824707785621286,0.2297072470188141,0.05252193734049797,0.16922403275966644,0.08966463655233384,0.038899869471788404,0.0017328800400719046,0.028543306142091752,0.8308517575263977,31786769,31786769
46,508,1.0012876427387592e-06,3.430487020094369e-10,83,huber,unet,0,2.0105855866194287e-07,0.03292778991162777,3.699159310599498e-06,0.9331133306026459,271373.1700757193,31.12050380706787,6.608890390396118,0.03949232515045444,0.043996145105484205,0.09716061106797921,0.025229213293641806,4.398191094878712e-06,0.929173931479454,214116.59817152418,23.39607572555542,5.744571208953857,0.03859187819004985,0.04373030524439893,0.06554493852918646,0.05580156296491623,0.002160419273423031,0.21109532937407494,0.05045842658728361,0.18316295742988586,0.05241128895431757,0.039473721757531166,0.00220969645306468,0.03205381287261844,0.829767107963562,0.025332269445061683,4.6281830691441425e-06,0.9367727041244507,246130.02419824866,29.653511810302735,6.427398586273194,0.01953033798029829,0.027860678935168397,0.06503994370030007,0.05346715301275253,0.0017824707785621286,0.20597012639045714,0.050664538890123366,0.18310590982437133,0.05243407487869263,0.038899869471788404,0.0017328800400719046,0.028543306142091752,0.8308517575263977,24439505,24439505
47,511,0.0004037113695729899,7.952687392969779e-06,46,huber,manet,24,0.00019435341741155248,0.00044971119496040046,0.9673759539922079,0.9331942101319631,0.96466586650255,0.42532530923684436,0.6946470075183444,0.03906498008610407,0.04382402795337614,0.04059023345510931,0.00043070926039945334,0.9669377654790878,0.9300421923398972,0.9618353706696335,0.3917386680841446,0.6705716550350189,0.04010999447134568,0.04524142548908358,0.04107673077197753,0.0010368935181759298,0.00227634931798093,0.003744878515135497,0.0008614185207989067,0.02132726041600108,0.9251545518636703,0.04019409231841564,0.002195995068177581,0.031793393194675446,0.8305290043354034,0.0005697589309420437,0.9552038669586181,0.9367727041244507,0.9808312712272246,0.6660183250904084,0.8038196802139282,0.01953033798029829,0.027860678935168397,0.024201797388521646,0.001128288940526545,0.0017824707785621286,0.00574031569994986,0.0011395178618840874,0.022913079336285593,0.9161513686180115,0.038899869471788404,0.0017328800400719046,0.028543306142091752,0.8308517575263977,31786769,31786769
48,526,0.0007912598323907338,0.00013432103700328712,12,xtanh,manet,5,0.0004380765665062477,0.0005714394611077032,0.9632678023283032,0.932809925597647,0.9683790401579024,0.5415657745755237,0.7940637866655985,0.03971886156748228,0.044609271776758004,0.04120311629759151,0.00041440885979682207,0.9679681807756424,0.9307080656290054,0.961505719569788,0.3885895162820816,0.6667784601449966,0.037640373839854725,0.0427878237787877,0.03793017925737784,0.0010862931958399713,0.0023417731863446534,0.0033692566794343293,0.0008288177195936441,0.021135575603693724,0.9261321723461151,0.03988247271627188,0.0021470708888955414,0.031736113131046295,0.8308090716600418,0.000573242042446509,0.9537249326705932,0.9367727041244507,0.9823725543436987,0.6805384039878846,0.831702470779419,0.01953033798029829,0.027860678935168397,0.023906851402856817,0.0019754862878471613,0.0017824707785621286,0.00483871172182262,0.001146484084893018,0.02364562787115574,0.9104654908180236,0.038899869471788404,0.0017328800400719046,0.028543306142091752,0.8308517575263977,31786769,31786769
49,531,0.0030564126145228377,3.111528889534271e-06,4,huber,manet,11,3.6962772570613706e-06,0.0004989408997870567,0.9675398543836989,0.93162852410533,0.9628620938860221,0.4748698445621896,0.7403986680046948,0.040321828888493984,0.04459295116895658,0.04186115907734675,0.0004096282209502533,0.9690148085355759,0.932531088590622,0.9623420769678156,0.3846157565712929,0.6600136756896973,0.041432624747188236,0.04519815883551138,0.042634226884033344,0.0009624226950109005,0.0023433543974533677,0.003551651316229254,0.0008192564419005066,0.020940827671438456,0.934076726436615,0.038968550972640514,0.002122970181517303,0.031707813031971455,0.8308099061250687,0.0004284969880245626,0.966881000995636,0.9367727041244507,0.9688563195241569,0.5008552849292756,0.7421744465827942,0.01953033798029829,0.027860678935168397,0.022978540317179805,0.001095215161330998,0.0017824707785621286,0.004046316258609295,0.0008569939760491252,0.02114998735487461,0.9345531582832336,0.038899869471788404,0.0017328800400719046,0.028543306142091752,0.8308517575263977,31786769,31786769
50,540,1.5773231595832184e-06,4.817991929854222e-10,4,huber,manet,9,5.712276233806413e-07,0.013520802600660187,0.3781047951484072,0.9315933156128667,2.483762382699455,13.380439633908479,4.17695885579943,0.04014850269623207,0.04468019755861416,0.09859896567948967,0.036100680474191904,0.21760009229183197,0.9278173893690109,4.309330527331257,32.60520601272583,6.257998704910278,0.04147613375413571,0.04522782121628055,0.1441900051966804,0.08563067857176065,0.002523053321056068,0.24929552897810936,0.07220136094838381,0.201254241168499,0.07737746275961399,0.039148430339992046,0.0022212607436813414,0.03217706549912691,0.8305691778659821,0.03413130678236485,0.2009233355522156,0.9367727041244507,4.923495032895503,40.13794288635254,6.761169052124023,0.01953033798029829,0.027860678935168397,0.13651212659602846,0.05858277603983879,0.0017824707785621286,0.24113664627075196,0.0682626135647297,0.1923949748277664,0.08259020745754242,0.038899869471788404,0.0017328800400719046,0.028543306142091752,0.8308517575263977,31786769,31786769
51,550,1.9652513561358784e-05,5.33400262753655e-08,10,huber,unet,17,1.7452115058096828e-06,0.001528983230208866,0.8980724861822933,0.9331638820200081,1.0391932600670915,1.4727396972208138,1.0915013824600772,0.04066733951636443,0.04489241566125412,0.04525658131620025,0.0011887785803992301,0.912919893860817,0.9296277463436127,1.0184551219534845,1.0800887048244476,0.9915125668048859,0.038133308615958816,0.043422458184069604,0.041104072030573466,0.0016946023679338396,0.0021545320050790906,0.017869429429993033,0.0023775571607984602,0.031787967309355736,0.8092259913682938,0.040161747485399246,0.0022014182177372277,0.032117354683578014,0.8277087211608887,0.0011351105407811702,0.9166283011436462,0.9367727041244507,1.0234357226628634,1.279033613204956,1.1152104020118714,0.01953033798029829,0.027860678935168397,0.027070814167346517,0.0041524099186062815,0.0017824707785621286,0.014716630149632693,0.0022702210815623404,0.031901942938566206,0.8145883679389954,0.038899869471788404,0.0017328800400719046,0.028543306142091752,0.8308517575263977,24439505,24439505
52,560,3.836444658401276e-06,0.00024642246673970287,32,huber,manet,26,3.6891228974823855e-07,0.004298199731856585,0.6879819083213806,0.9328837537765503,1.3565883098110225,4.074680757522583,2.1302116966247557,0.03978436751367301,0.0445669889569669,0.051838576560722036,0.005235253775026649,0.6547468602657318,0.9303120076656342,1.4327466783448934,4.632387042045593,2.1786826252937317,0.040175687305487276,0.044917875567294874,0.055912775600952015,0.008779045194387436,0.0018684865499380976,0.1275286078453064,0.010470507550053298,0.07015265990048647,0.3949092626571655,0.03975902125239372,0.002223988820333034,0.032168340403586626,0.8301360160112381,0.004739439999684692,0.6773489713668823,0.9367727041244507,1.4147671625539067,5.338158655166626,2.3444864749908447,0.01953033798029829,0.027860678935168397,0.04588949168148661,0.006380337662994862,0.0017824707785621286,0.11690180152654647,0.009478879999369383,0.06709298118948936,0.40458025336265563,0.038899869471788404,0.0017328800400719046,0.028543306142091752,0.8308517575263977,31786769,31786769
53,574,2.8119170006962064e-06,3.880707073840474e-11,32,huber,fpn,23,5.667786487497708e-07,0.03644176557660103,0.42333253860473635,0.9328837823867798,2.2331165217587885,34.498546295166015,7.330694541931153,0.04036022352636289,0.044888089293050173,0.15427933875544664,0.016306009609252214,0.6095404624938965,0.9289463311433792,1.531504187503118,14.546735763549805,4.671082615852356,0.035753922910531935,0.04125147533462403,0.09495128962587271,0.029982505831867456,0.0022749905183445662,0.13885817676782608,0.03261201921850443,0.15080997720360756,0.4231415092945099,0.04037371929734945,0.0022493531578220427,0.03234153613448143,0.8279300928115845,0.016143476590514183,0.6088201761245727,0.9367727041244507,1.5609867160504614,18.811434173583983,5.257262229919434,0.01953033798029829,0.027860678935168397,0.08278826296945965,0.03277631886303425,0.0017824707785621286,0.13714055716991425,0.032286953181028366,0.14984698295593263,0.41999492049217224,0.038899869471788404,0.0017328800400719046,0.028543306142091752,0.8308517575263977,23158529,23158529
54,585,0.0004918182823381431,4.29673755978675e-09,35,huber,manet,5,0.00047658710201524407,0.0006161086671256825,0.9560833521511244,0.9330253678819408,0.9758801072933545,0.5807425898054371,0.8177519233330436,0.0400992468521352,0.04494333519718989,0.04152033922270483,0.0005028891609981656,0.9614996463060379,0.9307080656290054,0.9679732849512886,0.4715561419725418,0.7440101355314255,0.037640373839854725,0.0427878237787877,0.03982001498890926,0.0011109535989817232,0.0023417731863446534,0.0038436020258814096,0.0010057783219963312,0.023580370005220175,0.8964025676250458,0.03988247271627188,0.0021470708888955414,0.031736113131046295,0.8308090716600418,0.0005532063893042505,0.9580624461174011,0.9367727041244507,0.9777765869047872,0.6476731419563293,0.854292368888855,0.01953033798029829,0.027860678935168397,0.023773775379427268,0.0019055354408919812,0.0017824707785621286,0.005232961568981409,0.001106412778608501,0.02433181069791317,0.8922525644302368,0.038899869471788404,0.0017328800400719046,0.028543306142091752,0.8308517575263977,31786769,31786769
